respondent_id,treatment,race,work_ethic,allocation,bal_bud,pid,age,gender
1,9,white,poor,600,0,Democrat,72,Male
1,9,black,excellent,900,0,Democrat,72,Male
2,2,NA,excellent,0,1500,Republican,53,Male
2,2,NA,poor,0,1500,Republican,53,Male
3,7,white,NA,750,0,Democrat,60,Female
3,7,black,NA,750,0,Democrat,60,Female
4,11,black,excellent,900,0,Independent,49,Female
4,11,black,poor,600,0,Independent,49,Female
5,10,black,NA,700,100,Democrat,69,Male
5,10,black,NA,700,100,Democrat,69,Male
6,8,white,excellent,400,850,Democrat,66,Male
6,8,black,poor,250,850,Democrat,66,Male
7,1,NA,NA,750,0,Democrat,43,Male
7,1,NA,NA,750,0,Democrat,43,Male
8,9,white,poor,500,1000,Republican,68,Male
8,9,black,excellent,0,1000,Republican,68,Male
9,7,white,NA,600,0,Democrat,57,Female
9,7,black,NA,900,0,Democrat,57,Female
10,7,white,NA,300,900,Republican,84,Female
10,7,black,NA,300,900,Republican,84,Female
11,7,white,NA,750,0,Democrat,52,Female
11,7,black,NA,750,0,Democrat,52,Female
12,1,NA,NA,750,0,Democrat,36,Male
12,1,NA,NA,750,0,Democrat,36,Male
13,11,black,excellent,750,0,Democrat,67,Male
13,11,black,poor,750,0,Democrat,67,Male
14,1,NA,NA,600,400,Republican,75,Male
14,1,NA,NA,500,400,Republican,75,Male
15,5,white,excellent,500,500,Independent,62,Male
15,5,white,poor,500,500,Independent,62,Male
16,10,black,NA,750,0,Democrat,75,Female
16,10,black,NA,750,0,Democrat,75,Female
17,5,white,excellent,750,0,Democrat,52,Female
17,5,white,poor,750,0,Democrat,52,Female
18,12,black,poor,600,0,Democrat,68,Male
18,12,black,excellent,900,0,Democrat,68,Male
19,1,NA,NA,400,300,Republican,38,Male
19,1,NA,NA,800,300,Republican,38,Male
20,1,NA,NA,900,100,Democrat,54,Male
20,1,NA,NA,500,100,Democrat,54,Male
21,4,white,NA,900,0,Democrat,53,Female
21,4,white,NA,600,0,Democrat,53,Female
22,1,NA,NA,750,0,Democrat,56,Female
22,1,NA,NA,750,0,Democrat,56,Female
23,9,white,poor,400,500,Republican,50,Male
23,9,black,excellent,600,500,Republican,50,Male
24,4,white,NA,700,100,Republican,43,Male
24,4,white,NA,700,100,Republican,43,Male
25,4,white,NA,500,500,Republican,74,Male
25,4,white,NA,500,500,Republican,74,Male
26,10,black,NA,500,500,Republican,74,Male
26,10,black,NA,500,500,Republican,74,Male
27,7,white,NA,750,0,Democrat,32,Male
27,7,black,NA,750,0,Democrat,32,Male
28,7,white,NA,500,500,Republican,62,Male
28,7,black,NA,500,500,Republican,62,Male
29,1,NA,NA,700,0,Democrat,63,Male
29,1,NA,NA,800,0,Democrat,63,Male
30,4,white,NA,250,1000,Independent,38,Male
30,4,white,NA,250,1000,Independent,38,Male
31,11,black,excellent,700,100,Republican,51,Male
31,11,black,poor,700,100,Republican,51,Male
32,7,white,NA,0,1500,Republican,52,Male
32,7,black,NA,0,1500,Republican,52,Male
33,4,white,NA,400,750,Republican,70,Female
33,4,white,NA,350,750,Republican,70,Female
34,12,black,poor,500,100,Republican,60,Female
34,12,black,excellent,900,100,Republican,60,Female
35,10,black,NA,400,700,Republican,25,Male
35,10,black,NA,400,700,Republican,25,Male
36,1,NA,NA,500,500,Democrat,64,Male
36,1,NA,NA,500,500,Democrat,64,Male
37,5,white,excellent,750,0,Democrat,69,Male
37,5,white,poor,750,0,Democrat,69,Male
38,10,black,NA,0,1500,Republican,50,Female
38,10,black,NA,0,1500,Republican,50,Female
39,7,white,NA,600,300,Democrat,53,Female
39,7,black,NA,600,300,Democrat,53,Female
40,10,black,NA,650,200,Republican,40,Male
40,10,black,NA,650,200,Republican,40,Male
41,10,black,NA,750,0,Democrat,60,Female
41,10,black,NA,750,0,Democrat,60,Female
42,8,white,excellent,750,0,Republican,45,Male
42,8,black,poor,750,0,Republican,45,Male
43,5,white,excellent,300,300,Republican,32,Female
43,5,white,poor,900,300,Republican,32,Female
44,10,black,NA,500,500,Republican,53,Female
44,10,black,NA,500,500,Republican,53,Female
45,6,white,poor,300,300,Independent,44,Male
45,6,white,excellent,900,300,Independent,44,Male
46,8,white,excellent,0,1500,Republican,47,Male
46,8,black,poor,0,1500,Republican,47,Male
47,1,NA,NA,500,500,Republican,47,Female
47,1,NA,NA,500,500,Republican,47,Female
48,11,black,excellent,900,100,Republican,63,Male
48,11,black,poor,500,100,Republican,63,Male
49,2,NA,excellent,0,1500,Republican,74,Male
49,2,NA,poor,0,1500,Republican,74,Male
50,1,NA,NA,0,1500,Republican,39,Male
50,1,NA,NA,0,1500,Republican,39,Male
51,7,white,NA,500,500,Republican,55,Male
51,7,black,NA,500,500,Republican,55,Male
52,4,white,NA,0,1500,Republican,57,Male
52,4,white,NA,0,1500,Republican,57,Male
53,3,NA,poor,300,900,Republican,73,Female
53,3,NA,excellent,300,900,Republican,73,Female
54,10,black,NA,600,300,Republican,65,Female
54,10,black,NA,600,300,Republican,65,Female
55,7,white,NA,0,1500,Republican,32,Female
55,7,black,NA,0,1500,Republican,32,Female
56,5,white,excellent,900,600,Republican,43,Female
56,5,white,poor,0,600,Republican,43,Female
57,7,white,NA,0,1500,Republican,74,Male
57,7,black,NA,0,1500,Republican,74,Male
58,11,black,excellent,800,0,Democrat,71,Female
58,11,black,poor,700,0,Democrat,71,Female
59,12,black,poor,500,500,Democrat,61,Male
59,12,black,excellent,500,500,Democrat,61,Male
60,10,black,NA,500,500,Democrat,63,Male
60,10,black,NA,500,500,Democrat,63,Male
61,9,white,poor,700,300,Republican,76,Male
61,9,black,excellent,500,300,Republican,76,Male
62,10,black,NA,750,0,Democrat,65,Female
62,10,black,NA,750,0,Democrat,65,Female
63,4,white,NA,500,500,Republican,43,Male
63,4,white,NA,500,500,Republican,43,Male
64,7,white,NA,500,500,Republican,53,Female
64,7,black,NA,500,500,Republican,53,Female
65,10,black,NA,0,1500,Republican,67,Male
65,10,black,NA,0,1500,Republican,67,Male
66,1,NA,NA,750,0,Independent,60,Male
66,1,NA,NA,750,0,Independent,60,Male
67,12,black,poor,300,800,Republican,77,Male
67,12,black,excellent,400,800,Republican,77,Male
68,10,black,NA,0,1500,Republican,62,Female
68,10,black,NA,0,1500,Republican,62,Female
69,4,white,NA,500,500,Independent,40,Male
69,4,white,NA,500,500,Independent,40,Male
70,11,black,excellent,0,1500,Independent,48,Male
70,11,black,poor,0,1500,Independent,48,Male
71,10,black,NA,0,1500,Independent,71,Male
71,10,black,NA,0,1500,Independent,71,Male
72,11,black,excellent,0,1500,Republican,54,Male
72,11,black,poor,0,1500,Republican,54,Male
73,1,NA,NA,750,0,Democrat,52,Female
73,1,NA,NA,750,0,Democrat,52,Female
74,12,black,poor,0,600,Democrat,57,Male
74,12,black,excellent,900,600,Democrat,57,Male
75,10,black,NA,500,500,Republican,35,Female
75,10,black,NA,500,500,Republican,35,Female
76,6,white,poor,500,100,Democrat,79,Male
76,6,white,excellent,900,100,Democrat,79,Male
77,9,white,poor,600,300,Republican,52,Male
77,9,black,excellent,600,300,Republican,52,Male
78,7,white,NA,700,0,Republican,49,Male
78,7,black,NA,800,0,Republican,49,Male
79,5,white,excellent,900,0,Republican,49,Female
79,5,white,poor,600,0,Republican,49,Female
80,1,NA,NA,750,0,Democrat,73,Female
80,1,NA,NA,750,0,Democrat,73,Female
81,5,white,excellent,700,100,Republican,67,Male
81,5,white,poor,700,100,Republican,67,Male
82,11,black,excellent,500,500,Democrat,57,Male
82,11,black,poor,500,500,Democrat,57,Male
83,7,white,NA,500,500,Republican,46,Male
83,7,black,NA,500,500,Republican,46,Male
84,2,NA,excellent,700,600,Republican,42,Female
84,2,NA,poor,200,600,Republican,42,Female
85,10,black,NA,500,500,Democrat,64,Male
85,10,black,NA,500,500,Democrat,64,Male
86,1,NA,NA,0,1500,Republican,63,Female
86,1,NA,NA,0,1500,Republican,63,Female
87,7,white,NA,750,0,Democrat,57,Male
87,7,black,NA,750,0,Democrat,57,Male
88,9,white,poor,700,600,Republican,45,Male
88,9,black,excellent,200,600,Republican,45,Male
89,6,white,poor,500,500,Republican,61,Male
89,6,white,excellent,500,500,Republican,61,Male
90,8,white,excellent,900,600,Republican,49,Female
90,8,black,poor,0,600,Republican,49,Female
91,2,NA,excellent,0,1500,Republican,44,Male
91,2,NA,poor,0,1500,Republican,44,Male
92,9,white,poor,0,1500,Republican,71,Male
92,9,black,excellent,0,1500,Republican,71,Male
93,6,white,poor,300,500,Republican,63,Male
93,6,white,excellent,700,500,Republican,63,Male
94,4,white,NA,500,300,Republican,60,Male
94,4,white,NA,700,300,Republican,60,Male
95,10,black,NA,500,200,Democrat,52,Female
95,10,black,NA,800,200,Democrat,52,Female
96,7,white,NA,600,0,Republican,65,Female
96,7,black,NA,900,0,Republican,65,Female
97,10,black,NA,500,500,Republican,67,Male
97,10,black,NA,500,500,Republican,67,Male
98,8,white,excellent,0,1500,Republican,43,Male
98,8,black,poor,0,1500,Republican,43,Male
99,12,black,poor,0,1500,Democrat,77,Male
99,12,black,excellent,0,1500,Democrat,77,Male
100,11,black,excellent,0,1100,Republican,43,Female
100,11,black,poor,400,1100,Republican,43,Female
101,4,white,NA,800,0,Democrat,63,Male
101,4,white,NA,700,0,Democrat,63,Male
102,2,NA,excellent,700,100,Democrat,54,Male
102,2,NA,poor,700,100,Democrat,54,Male
103,10,black,NA,750,0,Democrat,75,Female
103,10,black,NA,750,0,Democrat,75,Female
104,10,black,NA,0,1500,Republican,72,Female
104,10,black,NA,0,1500,Republican,72,Female
105,11,black,excellent,750,0,Democrat,82,Female
105,11,black,poor,750,0,Democrat,82,Female
106,4,white,NA,500,350,Democrat,61,Female
106,4,white,NA,650,350,Democrat,61,Female
107,5,white,excellent,750,0,Democrat,56,Female
107,5,white,poor,750,0,Democrat,56,Female
108,10,black,NA,749,2,Democrat,56,Female
108,10,black,NA,749,2,Democrat,56,Female
109,12,black,poor,0,1500,Republican,48,Female
109,12,black,excellent,0,1500,Republican,48,Female
110,12,black,poor,300,300,Democrat,50,Male
110,12,black,excellent,900,300,Democrat,50,Male
111,12,black,poor,750,0,Democrat,64,Female
111,12,black,excellent,750,0,Democrat,64,Female
112,3,NA,poor,750,0,Republican,50,Male
112,3,NA,excellent,750,0,Republican,50,Male
113,2,NA,excellent,800,300,Republican,58,Male
113,2,NA,poor,400,300,Republican,58,Male
114,11,black,excellent,0,1500,Independent,57,Female
114,11,black,poor,0,1500,Independent,57,Female
115,1,NA,NA,500,500,Democrat,53,Female
115,1,NA,NA,500,500,Democrat,53,Female
116,8,white,excellent,300,1200,Republican,59,Male
116,8,black,poor,0,1200,Republican,59,Male
117,4,white,NA,700,100,Democrat,40,Male
117,4,white,NA,700,100,Democrat,40,Male
118,7,white,NA,600,300,Democrat,47,Female
118,7,black,NA,600,300,Democrat,47,Female
119,7,white,NA,700,100,Independent,70,Female
119,7,black,NA,700,100,Independent,70,Female
120,10,black,NA,500,500,Republican,59,Female
120,10,black,NA,500,500,Republican,59,Female
121,10,black,NA,600,300,Democrat,62,Female
121,10,black,NA,600,300,Democrat,62,Female
122,9,white,poor,750,0,Democrat,59,Female
122,9,black,excellent,750,0,Democrat,59,Female
123,12,black,poor,700,100,Independent,52,Male
123,12,black,excellent,700,100,Independent,52,Male
124,4,white,NA,750,0,Republican,49,Male
124,4,white,NA,750,0,Republican,49,Male
125,4,white,NA,750,0,Independent,28,Female
125,4,white,NA,750,0,Independent,28,Female
126,7,white,NA,500,500,Republican,57,Male
126,7,black,NA,500,500,Republican,57,Male
127,7,white,NA,750,0,Democrat,65,Male
127,7,black,NA,750,0,Democrat,65,Male
128,3,NA,poor,500,300,Republican,56,Male
128,3,NA,excellent,700,300,Republican,56,Male
129,3,NA,poor,0,1500,Republican,67,Male
129,3,NA,excellent,0,1500,Republican,67,Male
130,7,white,NA,500,500,Democrat,47,Male
130,7,black,NA,500,500,Democrat,47,Male
131,8,white,excellent,650,0,Democrat,64,Male
131,8,black,poor,850,0,Democrat,64,Male
132,3,NA,poor,900,0,Democrat,43,Male
132,3,NA,excellent,600,0,Democrat,43,Male
133,2,NA,excellent,750,0,Democrat,63,Female
133,2,NA,poor,750,0,Democrat,63,Female
134,1,NA,NA,900,100,Independent,39,Male
134,1,NA,NA,500,100,Independent,39,Male
135,8,white,excellent,500,500,Democrat,65,Female
135,8,black,poor,500,500,Democrat,65,Female
136,6,white,poor,200,400,Republican,47,Male
136,6,white,excellent,900,400,Republican,47,Male
137,4,white,NA,600,300,Democrat,77,Male
137,4,white,NA,600,300,Democrat,77,Male
138,10,black,NA,600,300,Democrat,52,Female
138,10,black,NA,600,300,Democrat,52,Female
139,12,black,poor,600,0,Independent,47,Male
139,12,black,excellent,900,0,Independent,47,Male
140,1,NA,NA,500,500,Republican,55,Female
140,1,NA,NA,500,500,Republican,55,Female
141,4,white,NA,0,1500,Republican,80,Male
141,4,white,NA,0,1500,Republican,80,Male
142,7,white,NA,700,0,Democrat,56,Male
142,7,black,NA,800,0,Democrat,56,Male
143,3,NA,poor,500,200,Republican,63,Male
143,3,NA,excellent,800,200,Republican,63,Male
144,12,black,poor,200,1100,Republican,37,Male
144,12,black,excellent,200,1100,Republican,37,Male
145,7,white,NA,500,500,Republican,57,Male
145,7,black,NA,500,500,Republican,57,Male
146,8,white,excellent,800,150,Republican,65,Female
146,8,black,poor,550,150,Republican,65,Female
147,6,white,poor,500,100,Democrat,54,Female
147,6,white,excellent,900,100,Democrat,54,Female
148,8,white,excellent,500,1000,Republican,64,Male
148,8,black,poor,0,1000,Republican,64,Male
149,6,white,poor,500,500,Democrat,37,Female
149,6,white,excellent,500,500,Democrat,37,Female
150,9,white,poor,600,0,Republican,45,Male
150,9,black,excellent,900,0,Republican,45,Male
151,10,black,NA,0,1500,Democrat,59,Male
151,10,black,NA,0,1500,Democrat,59,Male
152,3,NA,poor,750,0,Democrat,63,Male
152,3,NA,excellent,750,0,Democrat,63,Male
153,6,white,poor,900,600,Republican,53,Male
153,6,white,excellent,0,600,Republican,53,Male
154,5,white,excellent,900,0,Republican,60,Male
154,5,white,poor,600,0,Republican,60,Male
155,3,NA,poor,700,200,Republican,73,Male
155,3,NA,excellent,600,200,Republican,73,Male
156,7,white,NA,600,300,Democrat,25,Female
156,7,black,NA,600,300,Democrat,25,Female
157,8,white,excellent,700,0,Democrat,35,Female
157,8,black,poor,800,0,Democrat,35,Female
158,1,NA,NA,750,0,Independent,28,Female
158,1,NA,NA,750,0,Independent,28,Female
159,5,white,excellent,600,300,Republican,25,Female
159,5,white,poor,600,300,Republican,25,Female
160,11,black,excellent,900,0,Democrat,34,Female
160,11,black,poor,600,0,Democrat,34,Female
161,12,black,poor,400,400,Democrat,52,Male
161,12,black,excellent,700,400,Democrat,52,Male
162,7,white,NA,749,1,Republican,72,Male
162,7,black,NA,750,1,Republican,72,Male
163,8,white,excellent,500,500,Republican,69,Male
163,8,black,poor,500,500,Republican,69,Male
164,1,NA,NA,500,500,Democrat,62,Male
164,1,NA,NA,500,500,Democrat,62,Male
165,5,white,excellent,700,100,Democrat,74,Female
165,5,white,poor,700,100,Democrat,74,Female
166,6,white,poor,700,100,Democrat,81,Female
166,6,white,excellent,700,100,Democrat,81,Female
167,1,NA,NA,700,0,Democrat,52,Male
167,1,NA,NA,800,0,Democrat,52,Male
168,1,NA,NA,650,200,Democrat,59,Female
168,1,NA,NA,650,200,Democrat,59,Female
169,12,black,poor,400,200,Independent,62,Male
169,12,black,excellent,900,200,Independent,62,Male
170,9,white,poor,500,300,Democrat,62,Male
170,9,black,excellent,700,300,Democrat,62,Male
171,1,NA,NA,900,0,Democrat,63,Male
171,1,NA,NA,600,0,Democrat,63,Male
172,12,black,poor,750,0,Democrat,69,Male
172,12,black,excellent,750,0,Democrat,69,Male
173,3,NA,poor,0,1500,Republican,64,Male
173,3,NA,excellent,0,1500,Republican,64,Male
174,4,white,NA,700,100,Republican,53,Male
174,4,white,NA,700,100,Republican,53,Male
175,6,white,poor,500,500,Democrat,69,Male
175,6,white,excellent,500,500,Democrat,69,Male
176,3,NA,poor,750,0,Democrat,61,Male
176,3,NA,excellent,750,0,Democrat,61,Male
177,1,NA,NA,500,500,Republican,59,Male
177,1,NA,NA,500,500,Republican,59,Male
178,9,white,poor,750,0,Democrat,67,Male
178,9,black,excellent,750,0,Democrat,67,Male
179,4,white,NA,650,200,Democrat,41,Male
179,4,white,NA,650,200,Democrat,41,Male
180,11,black,excellent,700,100,Republican,31,Female
180,11,black,poor,700,100,Republican,31,Female
181,7,white,NA,750,0,Democrat,53,Male
181,7,black,NA,750,0,Democrat,53,Male
182,4,white,NA,750,0,Republican,62,Female
182,4,white,NA,750,0,Republican,62,Female
183,7,white,NA,750,0,Republican,67,Male
183,7,black,NA,750,0,Republican,67,Male
184,9,white,poor,200,400,Republican,33,Female
184,9,black,excellent,900,400,Republican,33,Female
185,11,black,excellent,700,100,Democrat,68,Female
185,11,black,poor,700,100,Democrat,68,Female
186,6,white,poor,0,1500,Republican,64,Male
186,6,white,excellent,0,1500,Republican,64,Male
187,10,black,NA,500,500,Independent,60,Male
187,10,black,NA,500,500,Independent,60,Male
188,10,black,NA,400,700,Republican,42,Male
188,10,black,NA,400,700,Republican,42,Male
189,3,NA,poor,0,1500,Republican,80,Female
189,3,NA,excellent,0,1500,Republican,80,Female
190,10,black,NA,0,1500,Republican,75,Male
190,10,black,NA,0,1500,Republican,75,Male
191,10,black,NA,750,0,Democrat,74,Female
191,10,black,NA,750,0,Democrat,74,Female
192,10,black,NA,900,0,Republican,64,Male
192,10,black,NA,600,0,Republican,64,Male
193,9,white,poor,0,1500,Republican,72,Male
193,9,black,excellent,0,1500,Republican,72,Male
194,1,NA,NA,600,0,Democrat,62,Male
194,1,NA,NA,900,0,Democrat,62,Male
195,7,white,NA,800,100,Republican,75,Male
195,7,black,NA,600,100,Republican,75,Male
196,11,black,excellent,800,0,Republican,72,Male
196,11,black,poor,700,0,Republican,72,Male
197,11,black,excellent,650,100,Democrat,52,Female
197,11,black,poor,750,100,Democrat,52,Female
198,1,NA,NA,750,0,Democrat,40,Male
198,1,NA,NA,750,0,Democrat,40,Male
199,4,white,NA,0,1500,Republican,52,Male
199,4,white,NA,0,1500,Republican,52,Male
200,7,white,NA,600,0,Republican,64,Male
200,7,black,NA,900,0,Republican,64,Male
201,8,white,excellent,750,0,Republican,65,Male
201,8,black,poor,750,0,Republican,65,Male
202,2,NA,excellent,750,0,Democrat,33,Female
202,2,NA,poor,750,0,Democrat,33,Female
203,5,white,excellent,900,0,Republican,46,Male
203,5,white,poor,600,0,Republican,46,Male
204,6,white,poor,800,0,Democrat,83,Male
204,6,white,excellent,700,0,Democrat,83,Male
205,1,NA,NA,750,0,Democrat,47,Male
205,1,NA,NA,750,0,Democrat,47,Male
206,5,white,excellent,600,300,Democrat,54,Male
206,5,white,poor,600,300,Democrat,54,Male
207,1,NA,NA,500,500,Republican,51,Male
207,1,NA,NA,500,500,Republican,51,Male
208,8,white,excellent,900,600,Democrat,73,Male
208,8,black,poor,0,600,Democrat,73,Male
209,10,black,NA,700,100,Democrat,60,Female
209,10,black,NA,700,100,Democrat,60,Female
210,11,black,excellent,500,500,Democrat,46,Female
210,11,black,poor,500,500,Democrat,46,Female
211,1,NA,NA,750,0,Democrat,49,Female
211,1,NA,NA,750,0,Democrat,49,Female
212,11,black,excellent,500,800,Democrat,72,Male
212,11,black,poor,200,800,Democrat,72,Male
213,3,NA,poor,500,500,Republican,51,Female
213,3,NA,excellent,500,500,Republican,51,Female
214,12,black,poor,0,600,Republican,57,Male
214,12,black,excellent,900,600,Republican,57,Male
215,7,white,NA,750,0,Republican,58,Male
215,7,black,NA,750,0,Republican,58,Male
216,7,white,NA,750,0,Republican,69,Male
216,7,black,NA,750,0,Republican,69,Male
217,10,black,NA,750,0,Republican,65,Male
217,10,black,NA,750,0,Republican,65,Male
218,1,NA,NA,700,100,Republican,57,Male
218,1,NA,NA,700,100,Republican,57,Male
219,8,white,excellent,0,1500,Independent,78,Female
219,8,black,poor,0,1500,Independent,78,Female
220,11,black,excellent,900,600,Republican,57,Male
220,11,black,poor,0,600,Republican,57,Male
221,12,black,poor,250,500,Republican,56,Female
221,12,black,excellent,750,500,Republican,56,Female
222,1,NA,NA,0,1500,Independent,64,Female
222,1,NA,NA,0,1500,Independent,64,Female
223,9,white,poor,400,200,Independent,28,Male
223,9,black,excellent,900,200,Independent,28,Male
224,10,black,NA,500,500,Independent,64,Male
224,10,black,NA,500,500,Independent,64,Male
225,7,white,NA,750,0,Democrat,58,Female
225,7,black,NA,750,0,Democrat,58,Female
226,9,white,poor,500,200,Democrat,42,Male
226,9,black,excellent,800,200,Democrat,42,Male
227,1,NA,NA,750,0,Independent,57,Male
227,1,NA,NA,750,0,Independent,57,Male
228,12,black,poor,750,0,Democrat,32,Female
228,12,black,excellent,750,0,Democrat,32,Female
229,7,white,NA,600,300,Democrat,76,Male
229,7,black,NA,600,300,Democrat,76,Male
230,10,black,NA,750,0,Republican,63,Male
230,10,black,NA,750,0,Republican,63,Male
231,8,white,excellent,900,150,Democrat,55,Male
231,8,black,poor,450,150,Democrat,55,Male
232,2,NA,excellent,500,500,Democrat,63,Female
232,2,NA,poor,500,500,Democrat,63,Female
233,10,black,NA,750,0,Independent,52,Female
233,10,black,NA,750,0,Independent,52,Female
234,7,white,NA,500,500,Republican,58,Male
234,7,black,NA,500,500,Republican,58,Male
235,1,NA,NA,750,0,Democrat,54,Male
235,1,NA,NA,750,0,Democrat,54,Male
236,10,black,NA,700,100,Independent,34,Female
236,10,black,NA,700,100,Independent,34,Female
237,4,white,NA,500,500,Republican,74,Male
237,4,white,NA,500,500,Republican,74,Male
238,1,NA,NA,750,0,Democrat,67,Female
238,1,NA,NA,750,0,Democrat,67,Female
239,8,white,excellent,500,400,Democrat,57,Male
239,8,black,poor,600,400,Democrat,57,Male
240,9,white,poor,650,200,Democrat,61,Male
240,9,black,excellent,650,200,Democrat,61,Male
241,11,black,excellent,900,150,Democrat,65,Male
241,11,black,poor,450,150,Democrat,65,Male
242,4,white,NA,500,500,Republican,72,Male
242,4,white,NA,500,500,Republican,72,Male
243,9,white,poor,700,200,Republican,80,Female
243,9,black,excellent,600,200,Republican,80,Female
244,4,white,NA,400,750,Republican,63,Male
244,4,white,NA,350,750,Republican,63,Male
245,3,NA,poor,400,500,Republican,44,Male
245,3,NA,excellent,600,500,Republican,44,Male
246,8,white,excellent,850,0,Democrat,53,Female
246,8,black,poor,650,0,Democrat,53,Female
247,1,NA,NA,600,0,Republican,48,Male
247,1,NA,NA,900,0,Republican,48,Male
248,4,white,NA,750,0,Democrat,71,Male
248,4,white,NA,750,0,Democrat,71,Male
249,7,white,NA,500,500,Republican,68,Male
249,7,black,NA,500,500,Republican,68,Male
250,5,white,excellent,600,300,Republican,71,Female
250,5,white,poor,600,300,Republican,71,Female
251,4,white,NA,750,0,Democrat,32,Female
251,4,white,NA,750,0,Democrat,32,Female
252,10,black,NA,700,0,Democrat,50,Female
252,10,black,NA,800,0,Democrat,50,Female
253,7,white,NA,750,0,Independent,51,Female
253,7,black,NA,750,0,Independent,51,Female
254,10,black,NA,600,300,Democrat,57,Female
254,10,black,NA,600,300,Democrat,57,Female
255,2,NA,excellent,700,300,Republican,45,Male
255,2,NA,poor,500,300,Republican,45,Male
256,4,white,NA,700,100,Democrat,69,Female
256,4,white,NA,700,100,Democrat,69,Female
257,7,white,NA,745,10,Democrat,60,Female
257,7,black,NA,745,10,Democrat,60,Female
258,3,NA,poor,900,200,Republican,60,Female
258,3,NA,excellent,400,200,Republican,60,Female
259,4,white,NA,400,700,Democrat,42,Female
259,4,white,NA,400,700,Democrat,42,Female
260,1,NA,NA,450,600,Republican,66,Male
260,1,NA,NA,450,600,Republican,66,Male
261,2,NA,excellent,700,100,Republican,45,Male
261,2,NA,poor,700,100,Republican,45,Male
262,7,white,NA,750,0,Republican,49,Male
262,7,black,NA,750,0,Republican,49,Male
263,4,white,NA,500,500,Independent,67,Male
263,4,white,NA,500,500,Independent,67,Male
264,4,white,NA,500,500,Republican,64,Male
264,4,white,NA,500,500,Republican,64,Male
265,7,white,NA,500,500,Republican,64,Male
265,7,black,NA,500,500,Republican,64,Male
266,12,black,poor,750,0,Democrat,61,Female
266,12,black,excellent,750,0,Democrat,61,Female
267,3,NA,poor,400,500,Republican,51,Male
267,3,NA,excellent,600,500,Republican,51,Male
268,11,black,excellent,900,600,Independent,62,Female
268,11,black,poor,0,600,Independent,62,Female
269,10,black,NA,500,500,Republican,61,Male
269,10,black,NA,500,500,Republican,61,Male
270,9,white,poor,400,200,Democrat,30,Female
270,9,black,excellent,900,200,Democrat,30,Female
271,7,white,NA,500,500,Independent,68,Male
271,7,black,NA,500,500,Independent,68,Male
272,1,NA,NA,600,400,Democrat,62,Male
272,1,NA,NA,500,400,Democrat,62,Male
273,12,black,poor,0,1500,Republican,64,Female
273,12,black,excellent,0,1500,Republican,64,Female
274,3,NA,poor,700,0,Democrat,31,Male
274,3,NA,excellent,800,0,Democrat,31,Male
275,4,white,NA,600,300,Independent,51,Female
275,4,white,NA,600,300,Independent,51,Female
276,8,white,excellent,500,400,Republican,69,Male
276,8,black,poor,600,400,Republican,69,Male
277,12,black,poor,0,1500,Independent,44,Male
277,12,black,excellent,0,1500,Independent,44,Male
278,10,black,NA,650,200,Independent,68,Female
278,10,black,NA,650,200,Independent,68,Female
279,9,white,poor,900,0,Democrat,61,Male
279,9,black,excellent,600,0,Democrat,61,Male
280,4,white,NA,500,500,Independent,64,Female
280,4,white,NA,500,500,Independent,64,Female
281,2,NA,excellent,600,500,Republican,61,Male
281,2,NA,poor,400,500,Republican,61,Male
282,11,black,excellent,0,600,Republican,61,Male
282,11,black,poor,900,600,Republican,61,Male
283,11,black,excellent,500,500,Republican,63,Male
283,11,black,poor,500,500,Republican,63,Male
284,11,black,excellent,600,700,Republican,49,Female
284,11,black,poor,200,700,Republican,49,Female
285,1,NA,NA,750,0,Republican,68,Female
285,1,NA,NA,750,0,Republican,68,Female
286,4,white,NA,749,2,Democrat,56,Female
286,4,white,NA,749,2,Democrat,56,Female
287,1,NA,NA,700,100,Republican,79,Female
287,1,NA,NA,700,100,Republican,79,Female
288,10,black,NA,400,400,Democrat,50,Female
288,10,black,NA,700,400,Democrat,50,Female
289,8,white,excellent,600,400,Democrat,40,Female
289,8,black,poor,500,400,Democrat,40,Female
290,9,white,poor,600,0,Democrat,47,Female
290,9,black,excellent,900,0,Democrat,47,Female
291,5,white,excellent,750,0,Republican,50,Female
291,5,white,poor,750,0,Republican,50,Female
292,7,white,NA,700,100,Republican,60,Female
292,7,black,NA,700,100,Republican,60,Female
293,7,white,NA,750,0,Democrat,50,Female
293,7,black,NA,750,0,Democrat,50,Female
294,3,NA,poor,700,0,Independent,39,Female
294,3,NA,excellent,800,0,Independent,39,Female
295,10,black,NA,900,100,Independent,52,Female
295,10,black,NA,500,100,Independent,52,Female
296,2,NA,excellent,500,500,NA,48,Female
296,2,NA,poor,500,500,NA,48,Female
297,1,NA,NA,750,0,Democrat,60,Female
297,1,NA,NA,750,0,Democrat,60,Female
298,12,black,poor,900,400,Republican,61,Female
298,12,black,excellent,200,400,Republican,61,Female
299,4,white,NA,750,0,Independent,36,Male
299,4,white,NA,750,0,Independent,36,Male
300,3,NA,poor,200,400,Democrat,40,Male
300,3,NA,excellent,900,400,Democrat,40,Male
301,7,white,NA,0,1500,Republican,66,Male
301,7,black,NA,0,1500,Republican,66,Male
302,11,black,excellent,750,0,Republican,62,Female
302,11,black,poor,750,0,Republican,62,Female
303,12,black,poor,500,100,Republican,47,Female
303,12,black,excellent,900,100,Republican,47,Female
304,3,NA,poor,700,0,Democrat,63,Female
304,3,NA,excellent,800,0,Democrat,63,Female
305,2,NA,excellent,500,500,Democrat,38,Female
305,2,NA,poor,500,500,Democrat,38,Female
306,9,white,poor,200,400,Democrat,48,Female
306,9,black,excellent,900,400,Democrat,48,Female
307,12,black,poor,300,300,Independent,30,Female
307,12,black,excellent,900,300,Independent,30,Female
308,1,NA,NA,700,100,Republican,51,Female
308,1,NA,NA,700,100,Republican,51,Female
309,12,black,poor,750,0,Independent,50,Female
309,12,black,excellent,750,0,Independent,50,Female
310,7,white,NA,600,0,Republican,75,Male
310,7,black,NA,900,0,Republican,75,Male
311,7,white,NA,500,100,Democrat,46,Female
311,7,black,NA,900,100,Democrat,46,Female
312,1,NA,NA,750,0,Republican,35,Male
312,1,NA,NA,750,0,Republican,35,Male
313,5,white,excellent,800,600,Republican,50,Female
313,5,white,poor,100,600,Republican,50,Female
314,7,white,NA,500,500,Democrat,68,Male
314,7,black,NA,500,500,Democrat,68,Male
315,11,black,excellent,750,0,Republican,66,Male
315,11,black,poor,750,0,Republican,66,Male
316,3,NA,poor,700,0,Republican,57,Female
316,3,NA,excellent,800,0,Republican,57,Female
317,3,NA,poor,750,0,Independent,42,Female
317,3,NA,excellent,750,0,Independent,42,Female
318,6,white,poor,400,250,Democrat,54,Female
318,6,white,excellent,850,250,Democrat,54,Female
319,10,black,NA,500,500,Democrat,53,Female
319,10,black,NA,500,500,Democrat,53,Female
320,12,black,poor,300,300,Democrat,60,Female
320,12,black,excellent,900,300,Democrat,60,Female
321,4,white,NA,500,400,Democrat,62,Male
321,4,white,NA,600,400,Democrat,62,Male
322,4,white,NA,750,0,Republican,40,Male
322,4,white,NA,750,0,Republican,40,Male
323,7,white,NA,750,0,Democrat,71,Female
323,7,black,NA,750,0,Democrat,71,Female
324,6,white,poor,750,0,Democrat,60,Female
324,6,white,excellent,750,0,Democrat,60,Female
325,1,NA,NA,500,100,Republican,39,Female
325,1,NA,NA,900,100,Republican,39,Female
326,5,white,excellent,500,500,Republican,49,Male
326,5,white,poor,500,500,Republican,49,Male
327,10,black,NA,700,100,Democrat,49,Female
327,10,black,NA,700,100,Democrat,49,Female
328,6,white,poor,700,100,Republican,47,Female
328,6,white,excellent,700,100,Republican,47,Female
329,7,white,NA,500,500,Republican,48,Male
329,7,black,NA,500,500,Republican,48,Male
330,10,black,NA,700,100,Democrat,59,Female
330,10,black,NA,700,100,Democrat,59,Female
331,8,white,excellent,600,400,Democrat,59,Female
331,8,black,poor,500,400,Democrat,59,Female
332,6,white,poor,750,0,Democrat,59,Female
332,6,white,excellent,750,0,Democrat,59,Female
333,7,white,NA,650,200,Independent,53,Male
333,7,black,NA,650,200,Independent,53,Male
334,1,NA,NA,650,200,Democrat,58,Male
334,1,NA,NA,650,200,Democrat,58,Male
335,7,white,NA,750,0,Democrat,50,Male
335,7,black,NA,750,0,Democrat,50,Male
336,9,white,poor,500,100,Democrat,57,Male
336,9,black,excellent,900,100,Democrat,57,Male
337,1,NA,NA,750,0,Independent,63,Male
337,1,NA,NA,750,0,Independent,63,Male
338,10,black,NA,500,500,Republican,68,Male
338,10,black,NA,500,500,Republican,68,Male
339,5,white,excellent,800,300,Republican,28,Female
339,5,white,poor,400,300,Republican,28,Female
340,11,black,excellent,0,900,Republican,69,Female
340,11,black,poor,600,900,Republican,69,Female
341,7,white,NA,750,0,Independent,69,Male
341,7,black,NA,750,0,Independent,69,Male
342,9,white,poor,750,0,Democrat,40,Male
342,9,black,excellent,750,0,Democrat,40,Male
343,11,black,excellent,650,300,Democrat,58,Male
343,11,black,poor,550,300,Democrat,58,Male
344,8,white,excellent,700,100,Republican,69,Female
344,8,black,poor,700,100,Republican,69,Female
345,1,NA,NA,650,0,Democrat,57,Male
345,1,NA,NA,850,0,Democrat,57,Male
346,3,NA,poor,500,500,Republican,61,Female
346,3,NA,excellent,500,500,Republican,61,Female
347,7,white,NA,400,500,Republican,52,Male
347,7,black,NA,600,500,Republican,52,Male
348,10,black,NA,450,300,Independent,55,Male
348,10,black,NA,750,300,Independent,55,Male
349,12,black,poor,0,600,Democrat,64,Male
349,12,black,excellent,900,600,Democrat,64,Male
350,3,NA,poor,700,300,Republican,42,Female
350,3,NA,excellent,500,300,Republican,42,Female
351,6,white,poor,0,600,Independent,57,Male
351,6,white,excellent,900,600,Independent,57,Male
352,7,white,NA,250,1000,Democrat,56,Female
352,7,black,NA,250,1000,Democrat,56,Female
353,6,white,poor,300,300,Democrat,48,Female
353,6,white,excellent,900,300,Democrat,48,Female
354,6,white,poor,0,1500,Republican,65,Male
354,6,white,excellent,0,1500,Republican,65,Male
355,2,NA,excellent,500,1000,Republican,63,Male
355,2,NA,poor,0,1000,Republican,63,Male
356,1,NA,NA,600,300,Republican,34,Female
356,1,NA,NA,600,300,Republican,34,Female
357,11,black,excellent,500,500,Republican,57,Female
357,11,black,poor,500,500,Republican,57,Female
358,11,black,excellent,750,0,Republican,49,Male
358,11,black,poor,750,0,Republican,49,Male
359,3,NA,poor,700,100,Democrat,47,Male
359,3,NA,excellent,700,100,Democrat,47,Male
360,4,white,NA,500,500,Republican,71,Female
360,4,white,NA,500,500,Republican,71,Female
361,4,white,NA,500,500,Independent,29,Male
361,4,white,NA,500,500,Independent,29,Male
362,1,NA,NA,900,0,NA,52,Male
362,1,NA,NA,600,0,NA,52,Male
363,1,NA,NA,0,1500,Republican,62,Male
363,1,NA,NA,0,1500,Republican,62,Male
364,1,NA,NA,0,1500,Republican,76,Female
364,1,NA,NA,0,1500,Republican,76,Female
365,11,black,excellent,700,100,Democrat,45,Female
365,11,black,poor,700,100,Democrat,45,Female
366,1,NA,NA,750,0,Independent,22,Female
366,1,NA,NA,750,0,Independent,22,Female
367,1,NA,NA,750,0,Democrat,51,Female
367,1,NA,NA,750,0,Democrat,51,Female
368,9,white,poor,500,100,Democrat,24,Female
368,9,black,excellent,900,100,Democrat,24,Female
369,4,white,NA,500,500,Democrat,62,Female
369,4,white,NA,500,500,Democrat,62,Female
370,10,black,NA,500,500,Republican,62,Male
370,10,black,NA,500,500,Republican,62,Male
371,1,NA,NA,750,0,Republican,41,Female
371,1,NA,NA,750,0,Republican,41,Female
372,2,NA,excellent,800,500,Republican,26,Female
372,2,NA,poor,200,500,Republican,26,Female
373,4,white,NA,750,0,Democrat,86,Female
373,4,white,NA,750,0,Democrat,86,Female
374,1,NA,NA,0,1500,Republican,41,Female
374,1,NA,NA,0,1500,Republican,41,Female
375,7,white,NA,750,0,Democrat,59,Female
375,7,black,NA,750,0,Democrat,59,Female
376,10,black,NA,500,500,Democrat,46,Female
376,10,black,NA,500,500,Democrat,46,Female
377,9,white,poor,200,900,Republican,27,Male
377,9,black,excellent,400,900,Republican,27,Male
378,1,NA,NA,500,500,Democrat,63,Male
378,1,NA,NA,500,500,Democrat,63,Male
379,12,black,poor,900,100,Independent,47,Female
379,12,black,excellent,500,100,Independent,47,Female
380,4,white,NA,400,600,Democrat,51,Female
380,4,white,NA,500,600,Democrat,51,Female
381,9,white,poor,700,100,Republican,78,Male
381,9,black,excellent,700,100,Republican,78,Male
382,6,white,poor,600,0,Independent,62,Male
382,6,white,excellent,900,0,Independent,62,Male
383,6,white,poor,600,300,Republican,62,Male
383,6,white,excellent,600,300,Republican,62,Male
384,10,black,NA,400,700,Democrat,63,Female
384,10,black,NA,400,700,Democrat,63,Female
385,9,white,poor,500,500,Republican,73,Male
385,9,black,excellent,500,500,Republican,73,Male
386,11,black,excellent,500,500,Republican,44,Female
386,11,black,poor,500,500,Republican,44,Female
387,3,NA,poor,0,1500,Independent,32,Male
387,3,NA,excellent,0,1500,Independent,32,Male
388,1,NA,NA,600,300,Republican,65,Male
388,1,NA,NA,600,300,Republican,65,Male
389,6,white,poor,600,200,Republican,65,Male
389,6,white,excellent,700,200,Republican,65,Male
390,4,white,NA,750,0,Republican,50,Male
390,4,white,NA,750,0,Republican,50,Male
391,10,black,NA,600,300,Democrat,49,Female
391,10,black,NA,600,300,Democrat,49,Female
392,3,NA,poor,400,200,Democrat,41,Male
392,3,NA,excellent,900,200,Democrat,41,Male
393,4,white,NA,300,600,Independent,55,Male
393,4,white,NA,600,600,Independent,55,Male
394,6,white,poor,750,0,Independent,53,Female
394,6,white,excellent,750,0,Independent,53,Female
395,7,white,NA,700,100,Democrat,53,Male
395,7,black,NA,700,100,Democrat,53,Male
396,10,black,NA,900,0,Republican,53,Male
396,10,black,NA,600,0,Republican,53,Male
397,8,white,excellent,750,0,Republican,53,Male
397,8,black,poor,750,0,Republican,53,Male
398,9,white,poor,400,500,Republican,45,Male
398,9,black,excellent,600,500,Republican,45,Male
399,5,white,excellent,900,100,Independent,44,Male
399,5,white,poor,400,100,Independent,44,Male
400,10,black,NA,400,700,Republican,62,Male
400,10,black,NA,400,700,Republican,62,Male
401,4,white,NA,700,0,Democrat,69,Male
401,4,white,NA,800,0,Democrat,69,Male
402,2,NA,excellent,900,0,Democrat,67,Female
402,2,NA,poor,600,0,Democrat,67,Female
403,7,white,NA,750,0,Democrat,60,Female
403,7,black,NA,750,0,Democrat,60,Female
404,11,black,excellent,800,300,Democrat,58,Female
404,11,black,poor,400,300,Democrat,58,Female
405,1,NA,NA,700,0,Independent,61,Male
405,1,NA,NA,800,0,Independent,61,Male
406,9,white,poor,750,0,Democrat,59,Female
406,9,black,excellent,750,0,Democrat,59,Female
407,7,white,NA,700,100,Democrat,66,Female
407,7,black,NA,700,100,Democrat,66,Female
408,7,white,NA,700,100,Republican,59,Male
408,7,black,NA,700,100,Republican,59,Male
409,1,NA,NA,750,0,Democrat,60,Male
409,1,NA,NA,750,0,Democrat,60,Male
410,3,NA,poor,750,0,Democrat,61,Male
410,3,NA,excellent,750,0,Democrat,61,Male
411,10,black,NA,600,200,Democrat,43,Female
411,10,black,NA,700,200,Democrat,43,Female
412,11,black,excellent,900,150,Democrat,30,Male
412,11,black,poor,450,150,Democrat,30,Male
413,10,black,NA,750,0,Democrat,59,Male
413,10,black,NA,750,0,Democrat,59,Male
414,1,NA,NA,750,0,Democrat,50,Female
414,1,NA,NA,750,0,Democrat,50,Female
415,5,white,excellent,850,50,Republican,63,Female
415,5,white,poor,600,50,Republican,63,Female
416,6,white,poor,400,200,Democrat,62,Male
416,6,white,excellent,900,200,Democrat,62,Male
417,11,black,excellent,500,500,Democrat,51,Female
417,11,black,poor,500,500,Democrat,51,Female
418,4,white,NA,550,400,Democrat,68,Female
418,4,white,NA,550,400,Democrat,68,Female
419,5,white,excellent,700,100,Republican,71,Male
419,5,white,poor,700,100,Republican,71,Male
420,1,NA,NA,0,1500,Democrat,59,Female
420,1,NA,NA,0,1500,Democrat,59,Female
421,5,white,excellent,500,500,Independent,62,Female
421,5,white,poor,500,500,Independent,62,Female
422,7,white,NA,500,500,Democrat,61,Female
422,7,black,NA,500,500,Democrat,61,Female
423,2,NA,excellent,750,0,Republican,59,Male
423,2,NA,poor,750,0,Republican,59,Male
424,12,black,poor,600,300,Democrat,56,Male
424,12,black,excellent,600,300,Democrat,56,Male
425,5,white,excellent,750,0,Democrat,57,Male
425,5,white,poor,750,0,Democrat,57,Male
426,4,white,NA,750,50,Democrat,58,Female
426,4,white,NA,700,50,Democrat,58,Female
427,11,black,excellent,850,0,Republican,57,Female
427,11,black,poor,650,0,Republican,57,Female
428,7,white,NA,300,900,Republican,47,Female
428,7,black,NA,300,900,Republican,47,Female
429,5,white,excellent,900,0,Independent,58,Female
429,5,white,poor,600,0,Independent,58,Female
430,2,NA,excellent,900,200,Democrat,56,Female
430,2,NA,poor,400,200,Democrat,56,Female
431,2,NA,excellent,750,0,Democrat,66,Male
431,2,NA,poor,750,0,Democrat,66,Male
432,11,black,excellent,900,500,Republican,66,Male
432,11,black,poor,100,500,Republican,66,Male
433,3,NA,poor,900,400,Republican,64,Male
433,3,NA,excellent,200,400,Republican,64,Male
434,8,white,excellent,750,0,Democrat,58,Female
434,8,black,poor,750,0,Democrat,58,Female
435,1,NA,NA,750,0,Independent,64,Male
435,1,NA,NA,750,0,Independent,64,Male
436,4,white,NA,750,0,Democrat,32,Male
436,4,white,NA,750,0,Democrat,32,Male
437,9,white,poor,0,1500,Republican,50,Male
437,9,black,excellent,0,1500,Republican,50,Male
438,2,NA,excellent,900,250,Republican,61,Male
438,2,NA,poor,350,250,Republican,61,Male
439,4,white,NA,600,300,Republican,69,Female
439,4,white,NA,600,300,Republican,69,Female
440,9,white,poor,0,1500,Independent,69,Male
440,9,black,excellent,0,1500,Independent,69,Male
441,2,NA,excellent,500,600,Democrat,36,Female
441,2,NA,poor,400,600,Democrat,36,Female
442,4,white,NA,500,500,Republican,60,Male
442,4,white,NA,500,500,Republican,60,Male
443,10,black,NA,750,0,Democrat,28,Male
443,10,black,NA,750,0,Democrat,28,Male
444,8,white,excellent,600,300,Republican,72,Male
444,8,black,poor,600,300,Republican,72,Male
445,4,white,NA,700,100,Republican,48,Male
445,4,white,NA,700,100,Republican,48,Male
446,8,white,excellent,500,500,Republican,73,Female
446,8,black,poor,500,500,Republican,73,Female
447,2,NA,excellent,900,600,Republican,68,Female
447,2,NA,poor,0,600,Republican,68,Female
448,4,white,NA,450,150,Independent,46,Female
448,4,white,NA,900,150,Independent,46,Female
449,4,white,NA,750,0,Democrat,68,Male
449,4,white,NA,750,0,Democrat,68,Male
450,8,white,excellent,0,600,Republican,58,Male
450,8,black,poor,900,600,Republican,58,Male
451,6,white,poor,750,0,Democrat,63,Male
451,6,white,excellent,750,0,Democrat,63,Male
452,2,NA,excellent,750,0,Democrat,52,Male
452,2,NA,poor,750,0,Democrat,52,Male
453,11,black,excellent,750,0,Democrat,76,Male
453,11,black,poor,750,0,Democrat,76,Male
454,4,white,NA,0,1500,Republican,60,Male
454,4,white,NA,0,1500,Republican,60,Male
455,3,NA,poor,650,200,Democrat,56,Male
455,3,NA,excellent,650,200,Democrat,56,Male
456,1,NA,NA,700,100,Independent,62,Male
456,1,NA,NA,700,100,Independent,62,Male
457,7,white,NA,700,100,Republican,49,Male
457,7,black,NA,700,100,Republican,49,Male
458,10,black,NA,500,500,NA,51,Female
458,10,black,NA,500,500,NA,51,Female
459,12,black,poor,400,700,Republican,64,Male
459,12,black,excellent,400,700,Republican,64,Male
460,7,white,NA,0,1500,Republican,48,Female
460,7,black,NA,0,1500,Republican,48,Female
461,1,NA,NA,500,700,Republican,72,Male
461,1,NA,NA,300,700,Republican,72,Male
462,7,white,NA,300,900,Republican,47,Male
462,7,black,NA,300,900,Republican,47,Male
463,7,white,NA,700,100,Republican,74,Male
463,7,black,NA,700,100,Republican,74,Male
464,9,white,poor,300,300,Republican,62,Male
464,9,black,excellent,900,300,Republican,62,Male
465,2,NA,excellent,1,1498,Republican,69,Male
465,2,NA,poor,1,1498,Republican,69,Male
466,2,NA,excellent,500,500,Independent,72,Male
466,2,NA,poor,500,500,Independent,72,Male
467,10,black,NA,750,0,Democrat,59,Female
467,10,black,NA,750,0,Democrat,59,Female
468,5,white,excellent,500,500,Republican,74,Male
468,5,white,poor,500,500,Republican,74,Male
469,4,white,NA,500,500,Democrat,33,Female
469,4,white,NA,500,500,Democrat,33,Female
470,4,white,NA,900,100,Republican,57,Female
470,4,white,NA,500,100,Republican,57,Female
471,2,NA,excellent,0,1500,Republican,49,Male
471,2,NA,poor,0,1500,Republican,49,Male
472,10,black,NA,500,500,Republican,83,Female
472,10,black,NA,500,500,Republican,83,Female
473,7,white,NA,0,1500,Republican,50,Male
473,7,black,NA,0,1500,Republican,50,Male
474,10,black,NA,750,0,Democrat,59,Female
474,10,black,NA,750,0,Democrat,59,Female
475,5,white,excellent,0,1500,Republican,53,Male
475,5,white,poor,0,1500,Republican,53,Male
476,4,white,NA,600,100,Republican,52,Female
476,4,white,NA,800,100,Republican,52,Female
477,2,NA,excellent,700,0,Republican,69,Male
477,2,NA,poor,800,0,Republican,69,Male
478,7,white,NA,600,50,Democrat,23,Female
478,7,black,NA,850,50,Democrat,23,Female
479,4,white,NA,750,0,Republican,63,Male
479,4,white,NA,750,0,Republican,63,Male
480,7,white,NA,750,0,Republican,58,Female
480,7,black,NA,750,0,Republican,58,Female
481,2,NA,excellent,50,1350,Republican,51,Male
481,2,NA,poor,100,1350,Republican,51,Male
482,2,NA,excellent,500,500,Independent,41,Female
482,2,NA,poor,500,500,Independent,41,Female
483,10,black,NA,700,100,NA,53,Female
483,10,black,NA,700,100,NA,53,Female
484,1,NA,NA,750,0,Democrat,48,Male
484,1,NA,NA,750,0,Democrat,48,Male
485,10,black,NA,700,100,Democrat,63,Female
485,10,black,NA,700,100,Democrat,63,Female
486,4,white,NA,750,0,Republican,38,Male
486,4,white,NA,750,0,Republican,38,Male
487,7,white,NA,700,100,Democrat,68,Male
487,7,black,NA,700,100,Democrat,68,Male
488,1,NA,NA,700,100,Democrat,66,Female
488,1,NA,NA,700,100,Democrat,66,Female
489,7,white,NA,750,0,Independent,31,Male
489,7,black,NA,750,0,Independent,31,Male
490,1,NA,NA,0,1500,Republican,68,Female
490,1,NA,NA,0,1500,Republican,68,Female
491,12,black,poor,400,700,Republican,69,Male
491,12,black,excellent,400,700,Republican,69,Male
492,4,white,NA,750,0,Republican,78,Male
492,4,white,NA,750,0,Republican,78,Male
493,7,white,NA,600,300,Republican,75,Male
493,7,black,NA,600,300,Republican,75,Male
494,2,NA,excellent,700,100,Democrat,63,Male
494,2,NA,poor,700,100,Democrat,63,Male
495,9,white,poor,0,1000,Republican,68,Female
495,9,black,excellent,500,1000,Republican,68,Female
496,10,black,NA,750,0,Democrat,49,Male
496,10,black,NA,750,0,Democrat,49,Male
497,10,black,NA,550,500,Republican,27,Male
497,10,black,NA,450,500,Republican,27,Male
498,10,black,NA,300,600,Republican,57,Male
498,10,black,NA,600,600,Republican,57,Male
499,7,white,NA,500,500,Republican,48,Male
499,7,black,NA,500,500,Republican,48,Male
500,7,white,NA,750,0,Republican,37,Male
500,7,black,NA,750,0,Republican,37,Male
501,6,white,poor,500,100,Republican,68,Male
501,6,white,excellent,900,100,Republican,68,Male
502,7,white,NA,600,300,Republican,83,Male
502,7,black,NA,600,300,Republican,83,Male
503,7,white,NA,600,300,Independent,56,Female
503,7,black,NA,600,300,Independent,56,Female
504,6,white,poor,600,200,Democrat,37,Male
504,6,white,excellent,700,200,Democrat,37,Male
505,4,white,NA,700,100,Democrat,69,Female
505,4,white,NA,700,100,Democrat,69,Female
506,9,white,poor,0,1500,Democrat,58,Female
506,9,black,excellent,0,1500,Democrat,58,Female
507,7,white,NA,750,0,Democrat,47,Male
507,7,black,NA,750,0,Democrat,47,Male
508,3,NA,poor,600,0,Democrat,53,Male
508,3,NA,excellent,900,0,Democrat,53,Male
509,1,NA,NA,750,0,Republican,57,Male
509,1,NA,NA,750,0,Republican,57,Male
510,5,white,excellent,750,0,Republican,87,Female
510,5,white,poor,750,0,Republican,87,Female
511,1,NA,NA,600,300,Democrat,53,Male
511,1,NA,NA,600,300,Democrat,53,Male
512,7,white,NA,0,600,Republican,63,Female
512,7,black,NA,900,600,Republican,63,Female
513,7,white,NA,0,1500,NA,68,Female
513,7,black,NA,0,1500,NA,68,Female
514,4,white,NA,750,0,Democrat,51,Female
514,4,white,NA,750,0,Democrat,51,Female
515,11,black,excellent,500,500,Democrat,54,Female
515,11,black,poor,500,500,Democrat,54,Female
516,10,black,NA,600,300,Republican,58,Male
516,10,black,NA,600,300,Republican,58,Male
517,12,black,poor,800,0,Democrat,70,Male
517,12,black,excellent,700,0,Democrat,70,Male
518,11,black,excellent,500,1000,Republican,23,Male
518,11,black,poor,0,1000,Republican,23,Male
519,10,black,NA,600,0,Republican,56,Male
519,10,black,NA,900,0,Republican,56,Male
520,10,black,NA,300,600,Democrat,42,Male
520,10,black,NA,600,600,Democrat,42,Male
521,7,white,NA,0,1500,Independent,56,Female
521,7,black,NA,0,1500,Independent,56,Female
522,3,NA,poor,500,500,Democrat,64,Male
522,3,NA,excellent,500,500,Democrat,64,Male
523,4,white,NA,700,100,Democrat,63,Male
523,4,white,NA,700,100,Democrat,63,Male
524,7,white,NA,0,1500,Republican,26,Female
524,7,black,NA,0,1500,Republican,26,Female
525,4,white,NA,750,0,Republican,71,Female
525,4,white,NA,750,0,Republican,71,Female
526,8,white,excellent,0,1500,Republican,63,Male
526,8,black,poor,0,1500,Republican,63,Male
527,11,black,excellent,500,750,Republican,54,Female
527,11,black,poor,250,750,Republican,54,Female
528,8,white,excellent,400,400,Republican,65,Male
528,8,black,poor,700,400,Republican,65,Male
529,12,black,poor,600,0,Republican,63,Male
529,12,black,excellent,900,0,Republican,63,Male
530,2,NA,excellent,800,300,Democrat,63,Male
530,2,NA,poor,400,300,Democrat,63,Male
531,9,white,poor,0,600,Republican,62,Male
531,9,black,excellent,900,600,Republican,62,Male
532,12,black,poor,25,1450,Republican,69,Male
532,12,black,excellent,25,1450,Republican,69,Male
533,3,NA,poor,0,600,Republican,61,Male
533,3,NA,excellent,900,600,Republican,61,Male
534,1,NA,NA,500,500,Republican,53,Female
534,1,NA,NA,500,500,Republican,53,Female
535,12,black,poor,0,1000,Democrat,57,Male
535,12,black,excellent,500,1000,Democrat,57,Male
536,4,white,NA,650,200,Republican,69,Female
536,4,white,NA,650,200,Republican,69,Female
537,9,white,poor,400,400,Republican,72,Male
537,9,black,excellent,700,400,Republican,72,Male
538,1,NA,NA,0,1500,Democrat,75,Male
538,1,NA,NA,0,1500,Democrat,75,Male
539,1,NA,NA,250,1000,Democrat,61,Male
539,1,NA,NA,250,1000,Democrat,61,Male
540,2,NA,excellent,900,100,Democrat,45,Female
540,2,NA,poor,500,100,Democrat,45,Female
541,10,black,NA,700,0,Republican,65,Male
541,10,black,NA,800,0,Republican,65,Male
542,5,white,excellent,750,0,Republican,48,Female
542,5,white,poor,750,0,Republican,48,Female
543,9,white,poor,675,50,Democrat,21,Male
543,9,black,excellent,775,50,Democrat,21,Male
544,3,NA,poor,750,0,Democrat,63,Female
544,3,NA,excellent,750,0,Democrat,63,Female
545,6,white,poor,700,100,Democrat,56,Female
545,6,white,excellent,700,100,Democrat,56,Female
546,7,white,NA,750,0,Democrat,38,Male
546,7,black,NA,750,0,Democrat,38,Male
547,12,black,poor,600,0,Republican,60,Female
547,12,black,excellent,900,0,Republican,60,Female
548,6,white,poor,200,400,Republican,70,Male
548,6,white,excellent,900,400,Republican,70,Male
549,3,NA,poor,250,350,Republican,31,Female
549,3,NA,excellent,900,350,Republican,31,Female
550,12,black,poor,1,999,Republican,49,Male
550,12,black,excellent,500,999,Republican,49,Male
551,10,black,NA,700,100,Independent,47,Female
551,10,black,NA,700,100,Independent,47,Female
552,11,black,excellent,750,0,Democrat,56,Male
552,11,black,poor,750,0,Democrat,56,Male
553,5,white,excellent,750,0,Democrat,53,Male
553,5,white,poor,750,0,Democrat,53,Male
554,1,NA,NA,600,300,Democrat,50,Male
554,1,NA,NA,600,300,Democrat,50,Male
555,6,white,poor,200,700,Republican,57,Male
555,6,white,excellent,600,700,Republican,57,Male
556,8,white,excellent,900,600,Republican,55,Female
556,8,black,poor,0,600,Republican,55,Female
557,9,white,poor,300,500,Republican,73,Male
557,9,black,excellent,700,500,Republican,73,Male
558,2,NA,excellent,600,300,Republican,33,Female
558,2,NA,poor,600,300,Republican,33,Female
559,10,black,NA,750,0,Democrat,50,Female
559,10,black,NA,750,0,Democrat,50,Female
560,10,black,NA,750,0,Independent,68,Female
560,10,black,NA,750,0,Independent,68,Female
561,6,white,poor,200,500,Republican,36,Male
561,6,white,excellent,800,500,Republican,36,Male
562,4,white,NA,500,500,Democrat,66,Male
562,4,white,NA,500,500,Democrat,66,Male
563,11,black,excellent,0,1500,Republican,56,Male
563,11,black,poor,0,1500,Republican,56,Male
564,1,NA,NA,750,0,Independent,78,Male
564,1,NA,NA,750,0,Independent,78,Male
565,2,NA,excellent,900,600,Republican,79,Male
565,2,NA,poor,0,600,Republican,79,Male
566,7,white,NA,700,100,Democrat,36,Male
566,7,black,NA,700,100,Democrat,36,Male
567,7,white,NA,750,0,Democrat,66,Female
567,7,black,NA,750,0,Democrat,66,Female
568,12,black,poor,500,100,Democrat,78,Female
568,12,black,excellent,900,100,Democrat,78,Female
569,2,NA,excellent,600,0,NA,24,Female
569,2,NA,poor,900,0,NA,24,Female
570,8,white,excellent,400,1000,Democrat,45,Female
570,8,black,poor,100,1000,Democrat,45,Female
571,1,NA,NA,750,0,Democrat,45,Female
571,1,NA,NA,750,0,Democrat,45,Female
572,11,black,excellent,0,1500,NA,31,Female
572,11,black,poor,0,1500,NA,31,Female
573,5,white,excellent,500,500,Republican,79,Female
573,5,white,poor,500,500,Republican,79,Female
574,4,white,NA,750,0,Independent,28,Female
574,4,white,NA,750,0,Independent,28,Female
575,7,white,NA,600,300,Republican,55,Female
575,7,black,NA,600,300,Republican,55,Female
576,4,white,NA,750,0,Republican,58,Male
576,4,white,NA,750,0,Republican,58,Male
577,4,white,NA,500,500,Republican,34,Female
577,4,white,NA,500,500,Republican,34,Female
578,9,white,poor,900,0,Democrat,45,Female
578,9,black,excellent,600,0,Democrat,45,Female
579,10,black,NA,750,0,Republican,58,Female
579,10,black,NA,750,0,Republican,58,Female
580,2,NA,excellent,0,1500,Republican,50,Female
580,2,NA,poor,0,1500,Republican,50,Female
581,1,NA,NA,750,0,Republican,51,Male
581,1,NA,NA,750,0,Republican,51,Male
582,5,white,excellent,600,300,Democrat,49,Female
582,5,white,poor,600,300,Democrat,49,Female
583,12,black,poor,500,300,Independent,31,Female
583,12,black,excellent,700,300,Independent,31,Female
584,4,white,NA,0,1500,Republican,56,Female
584,4,white,NA,0,1500,Republican,56,Female
585,1,NA,NA,750,0,Republican,62,Male
585,1,NA,NA,750,0,Republican,62,Male
586,10,black,NA,0,1500,Independent,50,Female
586,10,black,NA,0,1500,Independent,50,Female
587,8,white,excellent,700,0,Independent,49,Female
587,8,black,poor,800,0,Independent,49,Female
588,6,white,poor,500,500,Democrat,61,Female
588,6,white,excellent,500,500,Democrat,61,Female
589,5,white,excellent,600,200,Democrat,44,Male
589,5,white,poor,700,200,Democrat,44,Male
590,5,white,excellent,750,0,Independent,52,Female
590,5,white,poor,750,0,Independent,52,Female
591,10,black,NA,750,0,Republican,46,Male
591,10,black,NA,750,0,Republican,46,Male
592,9,white,poor,500,100,Democrat,54,Female
592,9,black,excellent,900,100,Democrat,54,Female
593,1,NA,NA,750,0,Republican,43,Female
593,1,NA,NA,750,0,Republican,43,Female
594,7,white,NA,500,500,Democrat,58,Female
594,7,black,NA,500,500,Democrat,58,Female
595,9,white,poor,0,1500,Republican,51,Female
595,9,black,excellent,0,1500,Republican,51,Female
596,10,black,NA,500,500,Republican,44,Male
596,10,black,NA,500,500,Republican,44,Male
597,10,black,NA,300,900,Independent,74,Male
597,10,black,NA,300,900,Independent,74,Male
598,9,white,poor,0,1500,Republican,58,Female
598,9,black,excellent,0,1500,Republican,58,Female
599,1,NA,NA,600,250,Democrat,71,Female
599,1,NA,NA,650,250,Democrat,71,Female
600,7,white,NA,750,0,Republican,75,Female
600,7,black,NA,750,0,Republican,75,Female
601,12,black,poor,900,600,Democrat,49,Female
601,12,black,excellent,0,600,Democrat,49,Female
602,9,white,poor,500,500,Republican,56,Female
602,9,black,excellent,500,500,Republican,56,Female
603,10,black,NA,500,100,Republican,73,Male
603,10,black,NA,900,100,Republican,73,Male
604,1,NA,NA,500,200,Democrat,60,Female
604,1,NA,NA,800,200,Democrat,60,Female
605,3,NA,poor,750,0,Democrat,27,Male
605,3,NA,excellent,750,0,Democrat,27,Male
606,2,NA,excellent,900,600,Democrat,55,Female
606,2,NA,poor,0,600,Democrat,55,Female
607,4,white,NA,600,300,Democrat,69,Female
607,4,white,NA,600,300,Democrat,69,Female
608,9,white,poor,700,0,Democrat,39,Male
608,9,black,excellent,800,0,Democrat,39,Male
609,11,black,excellent,500,500,Republican,63,Female
609,11,black,poor,500,500,Republican,63,Female
610,10,black,NA,0,1500,Democrat,57,Male
610,10,black,NA,0,1500,Democrat,57,Male
611,7,white,NA,750,0,Democrat,32,Female
611,7,black,NA,750,0,Democrat,32,Female
612,2,NA,excellent,900,200,Democrat,66,Female
612,2,NA,poor,400,200,Democrat,66,Female
613,10,black,NA,0,1500,Republican,70,Female
613,10,black,NA,0,1500,Republican,70,Female
614,9,white,poor,750,0,Republican,41,Female
614,9,black,excellent,750,0,Republican,41,Female
615,5,white,excellent,600,0,Democrat,51,Female
615,5,white,poor,900,0,Democrat,51,Female
616,4,white,NA,200,1100,Independent,43,Male
616,4,white,NA,200,1100,Independent,43,Male
617,5,white,excellent,500,500,NA,66,Female
617,5,white,poor,500,500,NA,66,Female
618,6,white,poor,750,0,Independent,49,Male
618,6,white,excellent,750,0,Independent,49,Male
619,11,black,excellent,750,550,Democrat,70,Male
619,11,black,poor,200,550,Democrat,70,Male
620,8,white,excellent,900,600,Democrat,32,Female
620,8,black,poor,0,600,Democrat,32,Female
621,6,white,poor,750,0,Republican,49,Female
621,6,white,excellent,750,0,Republican,49,Female
622,12,black,poor,0,1500,Republican,53,Female
622,12,black,excellent,0,1500,Republican,53,Female
623,11,black,excellent,750,0,Republican,57,Male
623,11,black,poor,750,0,Republican,57,Male
624,6,white,poor,600,0,Democrat,55,Male
624,6,white,excellent,900,0,Democrat,55,Male
625,9,white,poor,0,600,Republican,63,Male
625,9,black,excellent,900,600,Republican,63,Male
626,2,NA,excellent,700,300,Republican,72,Male
626,2,NA,poor,500,300,Republican,72,Male
627,4,white,NA,750,0,Democrat,21,Male
627,4,white,NA,750,0,Democrat,21,Male
628,7,white,NA,600,300,Democrat,59,Male
628,7,black,NA,600,300,Democrat,59,Male
629,8,white,excellent,700,500,Independent,53,Male
629,8,black,poor,300,500,Independent,53,Male
630,7,white,NA,0,1500,Independent,58,Male
630,7,black,NA,0,1500,Independent,58,Male
631,1,NA,NA,750,0,Democrat,65,Female
631,1,NA,NA,750,0,Democrat,65,Female
632,4,white,NA,500,500,Republican,81,Male
632,4,white,NA,500,500,Republican,81,Male
633,7,white,NA,0,1500,Republican,83,Male
633,7,black,NA,0,1500,Republican,83,Male
634,2,NA,excellent,900,599,Independent,68,Female
634,2,NA,poor,1,599,Independent,68,Female
635,10,black,NA,500,200,Democrat,65,Male
635,10,black,NA,800,200,Democrat,65,Male
636,11,black,excellent,900,600,Democrat,76,Female
636,11,black,poor,0,600,Democrat,76,Female
637,4,white,NA,800,100,Republican,73,Male
637,4,white,NA,600,100,Republican,73,Male
638,10,black,NA,500,500,Republican,64,Male
638,10,black,NA,500,500,Republican,64,Male
639,4,white,NA,600,300,Democrat,64,Male
639,4,white,NA,600,300,Democrat,64,Male
640,1,NA,NA,500,500,Republican,70,Male
640,1,NA,NA,500,500,Republican,70,Male
641,5,white,excellent,900,200,Independent,51,Female
641,5,white,poor,400,200,Independent,51,Female
642,1,NA,NA,600,300,Republican,48,Female
642,1,NA,NA,600,300,Republican,48,Female
643,4,white,NA,750,100,Republican,72,Male
643,4,white,NA,650,100,Republican,72,Male
644,5,white,excellent,900,0,Democrat,68,Female
644,5,white,poor,600,0,Democrat,68,Female
645,11,black,excellent,500,500,Democrat,85,Female
645,11,black,poor,500,500,Democrat,85,Female
646,9,white,poor,500,400,Democrat,71,Male
646,9,black,excellent,600,400,Democrat,71,Male
647,5,white,excellent,750,0,Independent,48,Male
647,5,white,poor,750,0,Independent,48,Male
648,7,white,NA,740,20,Democrat,37,Female
648,7,black,NA,740,20,Democrat,37,Female
649,6,white,poor,750,0,Republican,53,Male
649,6,white,excellent,750,0,Republican,53,Male
650,5,white,excellent,750,0,Republican,57,Male
650,5,white,poor,750,0,Republican,57,Male
651,8,white,excellent,800,200,Republican,52,Male
651,8,black,poor,500,200,Republican,52,Male
652,4,white,NA,750,0,Republican,51,Female
652,4,white,NA,750,0,Republican,51,Female
653,4,white,NA,700,100,Democrat,27,Male
653,4,white,NA,700,100,Democrat,27,Male
654,7,white,NA,600,0,Democrat,46,Male
654,7,black,NA,900,0,Democrat,46,Male
655,3,NA,poor,0,1500,Republican,70,Female
655,3,NA,excellent,0,1500,Republican,70,Female
656,7,white,NA,750,0,Democrat,68,Male
656,7,black,NA,750,0,Democrat,68,Male
657,5,white,excellent,900,600,Republican,40,Male
657,5,white,poor,0,600,Republican,40,Male
658,7,white,NA,700,100,Republican,58,Male
658,7,black,NA,700,100,Republican,58,Male
659,12,black,poor,700,100,Democrat,67,Female
659,12,black,excellent,700,100,Democrat,67,Female
660,5,white,excellent,900,150,Republican,77,Male
660,5,white,poor,450,150,Republican,77,Male
661,7,white,NA,750,0,Republican,48,Male
661,7,black,NA,750,0,Republican,48,Male
662,7,white,NA,500,500,Democrat,61,Female
662,7,black,NA,500,500,Democrat,61,Female
663,11,black,excellent,500,950,NA,19,Female
663,11,black,poor,50,950,NA,19,Female
664,11,black,excellent,900,100,Republican,45,Female
664,11,black,poor,500,100,Republican,45,Female
665,5,white,excellent,500,500,Democrat,54,Female
665,5,white,poor,500,500,Democrat,54,Female
666,2,NA,excellent,900,300,Republican,41,Female
666,2,NA,poor,300,300,Republican,41,Female
667,10,black,NA,750,0,Democrat,63,Male
667,10,black,NA,750,0,Democrat,63,Male
668,10,black,NA,600,0,Democrat,51,Male
668,10,black,NA,900,0,Democrat,51,Male
669,12,black,poor,100,600,Republican,41,Male
669,12,black,excellent,800,600,Republican,41,Male
670,12,black,poor,600,300,Republican,47,Male
670,12,black,excellent,600,300,Republican,47,Male
671,8,white,excellent,500,500,Republican,62,Male
671,8,black,poor,500,500,Republican,62,Male
672,8,white,excellent,750,150,Republican,43,Male
672,8,black,poor,600,150,Republican,43,Male
673,1,NA,NA,700,100,Democrat,59,Female
673,1,NA,NA,700,100,Democrat,59,Female
674,4,white,NA,500,500,Republican,54,Female
674,4,white,NA,500,500,Republican,54,Female
675,1,NA,NA,650,200,Independent,61,Female
675,1,NA,NA,650,200,Independent,61,Female
676,9,white,poor,400,200,Republican,75,Male
676,9,black,excellent,900,200,Republican,75,Male
677,11,black,excellent,900,600,Republican,62,Male
677,11,black,poor,0,600,Republican,62,Male
678,10,black,NA,0,1500,Independent,71,Male
678,10,black,NA,0,1500,Independent,71,Male
679,11,black,excellent,900,150,Democrat,37,Female
679,11,black,poor,450,150,Democrat,37,Female
680,5,white,excellent,500,500,Republican,49,Female
680,5,white,poor,500,500,Republican,49,Female
681,12,black,poor,600,100,Democrat,31,Male
681,12,black,excellent,800,100,Democrat,31,Male
682,4,white,NA,700,100,Democrat,26,Male
682,4,white,NA,700,100,Democrat,26,Male
683,8,white,excellent,750,0,Democrat,73,Male
683,8,black,poor,750,0,Democrat,73,Male
684,6,white,poor,400,300,Republican,33,Female
684,6,white,excellent,800,300,Republican,33,Female
685,11,black,excellent,750,0,Democrat,59,Female
685,11,black,poor,750,0,Democrat,59,Female
686,3,NA,poor,500,500,Republican,52,Male
686,3,NA,excellent,500,500,Republican,52,Male
687,4,white,NA,700,0,Democrat,25,Female
687,4,white,NA,800,0,Democrat,25,Female
688,1,NA,NA,0,1500,Democrat,80,Male
688,1,NA,NA,0,1500,Democrat,80,Male
689,6,white,poor,0,1500,Republican,45,Female
689,6,white,excellent,0,1500,Republican,45,Female
690,9,white,poor,600,300,Republican,51,Male
690,9,black,excellent,600,300,Republican,51,Male
691,6,white,poor,200,400,Independent,50,Male
691,6,white,excellent,900,400,Independent,50,Male
692,4,white,NA,700,100,Democrat,75,Male
692,4,white,NA,700,100,Democrat,75,Male
693,10,black,NA,750,0,Republican,45,Male
693,10,black,NA,750,0,Republican,45,Male
694,2,NA,excellent,800,100,Republican,56,Male
694,2,NA,poor,600,100,Republican,56,Male
695,1,NA,NA,700,300,Republican,57,Male
695,1,NA,NA,500,300,Republican,57,Male
696,12,black,poor,1,599,Republican,63,Female
696,12,black,excellent,900,599,Republican,63,Female
697,4,white,NA,400,700,Democrat,58,Female
697,4,white,NA,400,700,Democrat,58,Female
698,5,white,excellent,750,0,Republican,79,Male
698,5,white,poor,750,0,Republican,79,Male
699,3,NA,poor,500,300,Republican,39,Female
699,3,NA,excellent,700,300,Republican,39,Female
700,6,white,poor,400,200,Republican,51,Male
700,6,white,excellent,900,200,Republican,51,Male
701,3,NA,poor,0,1300,Republican,78,Male
701,3,NA,excellent,200,1300,Republican,78,Male
702,1,NA,NA,500,500,Republican,55,Female
702,1,NA,NA,500,500,Republican,55,Female
703,12,black,poor,750,0,Independent,78,Male
703,12,black,excellent,750,0,Independent,78,Male
704,11,black,excellent,700,100,Republican,66,Male
704,11,black,poor,700,100,Republican,66,Male
705,10,black,NA,600,300,Independent,58,Male
705,10,black,NA,600,300,Independent,58,Male
706,1,NA,NA,700,100,Democrat,63,Female
706,1,NA,NA,700,100,Democrat,63,Female
707,3,NA,poor,450,600,Republican,68,Male
707,3,NA,excellent,450,600,Republican,68,Male
708,12,black,poor,0,1500,Republican,52,Male
708,12,black,excellent,0,1500,Republican,52,Male
709,2,NA,excellent,900,600,Independent,55,Male
709,2,NA,poor,0,600,Independent,55,Male
710,5,white,excellent,900,100,Democrat,59,Male
710,5,white,poor,500,100,Democrat,59,Male
711,10,black,NA,500,300,Democrat,47,Male
711,10,black,NA,700,300,Democrat,47,Male
712,5,white,excellent,750,0,Democrat,49,Female
712,5,white,poor,750,0,Democrat,49,Female
713,9,white,poor,400,500,Republican,46,Male
713,9,black,excellent,600,500,Republican,46,Male
714,8,white,excellent,750,0,Republican,64,Female
714,8,black,poor,750,0,Republican,64,Female
715,9,white,poor,650,100,Republican,52,Male
715,9,black,excellent,750,100,Republican,52,Male
716,6,white,poor,750,0,Democrat,57,Female
716,6,white,excellent,750,0,Democrat,57,Female
717,6,white,poor,0,600,Republican,62,Male
717,6,white,excellent,900,600,Republican,62,Male
718,5,white,excellent,750,0,Democrat,62,Male
718,5,white,poor,750,0,Democrat,62,Male
719,2,NA,excellent,750,0,Independent,27,Male
719,2,NA,poor,750,0,Independent,27,Male
720,12,black,poor,600,100,Republican,67,Female
720,12,black,excellent,800,100,Republican,67,Female
721,7,white,NA,300,800,Independent,49,Female
721,7,black,NA,400,800,Independent,49,Female
722,8,white,excellent,700,100,Republican,58,Female
722,8,black,poor,700,100,Republican,58,Female
723,3,NA,poor,450,400,Democrat,23,Male
723,3,NA,excellent,650,400,Democrat,23,Male
724,3,NA,poor,900,200,Democrat,20,Female
724,3,NA,excellent,400,200,Democrat,20,Female
725,12,black,poor,400,500,Republican,78,Female
725,12,black,excellent,600,500,Republican,78,Female
726,8,white,excellent,700,100,Democrat,67,Male
726,8,black,poor,700,100,Democrat,67,Male
727,1,NA,NA,500,500,Republican,26,Male
727,1,NA,NA,500,500,Republican,26,Male
728,4,white,NA,700,100,Democrat,59,Female
728,4,white,NA,700,100,Democrat,59,Female
729,8,white,excellent,750,0,Democrat,62,Male
729,8,black,poor,750,0,Democrat,62,Male
730,5,white,excellent,750,0,Democrat,53,Female
730,5,white,poor,750,0,Democrat,53,Female
731,10,black,NA,800,0,Republican,74,Male
731,10,black,NA,700,0,Republican,74,Male
732,11,black,excellent,650,750,Republican,66,Male
732,11,black,poor,100,750,Republican,66,Male
733,3,NA,poor,300,300,Republican,61,Female
733,3,NA,excellent,900,300,Republican,61,Female
734,7,white,NA,600,300,Republican,80,Male
734,7,black,NA,600,300,Republican,80,Male
735,3,NA,poor,740,10,Republican,49,Male
735,3,NA,excellent,750,10,Republican,49,Male
736,5,white,excellent,0,1500,Republican,83,Male
736,5,white,poor,0,1500,Republican,83,Male
737,10,black,NA,600,300,Independent,62,Female
737,10,black,NA,600,300,Independent,62,Female
738,10,black,NA,700,100,Republican,71,Female
738,10,black,NA,700,100,Republican,71,Female
739,12,black,poor,750,0,Republican,54,Male
739,12,black,excellent,750,0,Republican,54,Male
740,8,white,excellent,700,100,Republican,52,Female
740,8,black,poor,700,100,Republican,52,Female
741,11,black,excellent,0,1000,Republican,51,Female
741,11,black,poor,500,1000,Republican,51,Female
742,10,black,NA,750,0,Republican,47,Male
742,10,black,NA,750,0,Republican,47,Male
743,5,white,excellent,700,100,Democrat,40,Female
743,5,white,poor,700,100,Democrat,40,Female
744,11,black,excellent,900,600,Republican,61,Female
744,11,black,poor,0,600,Republican,61,Female
745,3,NA,poor,500,300,Republican,51,Female
745,3,NA,excellent,700,300,Republican,51,Female
746,8,white,excellent,750,250,Republican,51,Male
746,8,black,poor,500,250,Republican,51,Male
747,1,NA,NA,500,500,Republican,62,Male
747,1,NA,NA,500,500,Republican,62,Male
748,5,white,excellent,500,100,Independent,51,Female
748,5,white,poor,900,100,Independent,51,Female
749,10,black,NA,0,1500,Democrat,48,Male
749,10,black,NA,0,1500,Democrat,48,Male
750,1,NA,NA,500,500,Republican,63,Male
750,1,NA,NA,500,500,Republican,63,Male
751,3,NA,poor,700,0,Democrat,49,Male
751,3,NA,excellent,800,0,Democrat,49,Male
752,7,white,NA,450,600,Republican,48,Male
752,7,black,NA,450,600,Republican,48,Male
753,1,NA,NA,400,200,Democrat,55,Female
753,1,NA,NA,900,200,Democrat,55,Female
754,2,NA,excellent,900,150,Republican,42,Female
754,2,NA,poor,450,150,Republican,42,Female
755,11,black,excellent,500,500,Republican,72,Female
755,11,black,poor,500,500,Republican,72,Female
756,7,white,NA,0,1500,Republican,56,Male
756,7,black,NA,0,1500,Republican,56,Male
757,5,white,excellent,800,700,Republican,71,Male
757,5,white,poor,0,700,Republican,71,Male
758,7,white,NA,600,0,Republican,67,Female
758,7,black,NA,900,0,Republican,67,Female
759,10,black,NA,500,500,Republican,45,Female
759,10,black,NA,500,500,Republican,45,Female
760,11,black,excellent,800,100,Republican,51,Male
760,11,black,poor,600,100,Republican,51,Male
761,10,black,NA,750,0,Democrat,73,Female
761,10,black,NA,750,0,Democrat,73,Female
762,1,NA,NA,500,500,Republican,23,Female
762,1,NA,NA,500,500,Republican,23,Female
763,1,NA,NA,600,0,Democrat,62,Male
763,1,NA,NA,900,0,Democrat,62,Male
764,10,black,NA,700,100,Republican,64,Female
764,10,black,NA,700,100,Republican,64,Female
765,10,black,NA,150,1050,Republican,27,Male
765,10,black,NA,300,1050,Republican,27,Male
766,8,white,excellent,800,300,Republican,50,Male
766,8,black,poor,400,300,Republican,50,Male
767,4,white,NA,0,1500,Republican,60,Female
767,4,white,NA,0,1500,Republican,60,Female
768,6,white,poor,600,600,Republican,37,Female
768,6,white,excellent,300,600,Republican,37,Female
769,1,NA,NA,500,500,NA,21,Female
769,1,NA,NA,500,500,NA,21,Female
770,7,white,NA,0,1500,Republican,76,Female
770,7,black,NA,0,1500,Republican,76,Female
771,12,black,poor,0,1500,Republican,52,Male
771,12,black,excellent,0,1500,Republican,52,Male
772,10,black,NA,500,500,Republican,52,Female
772,10,black,NA,500,500,Republican,52,Female
773,7,white,NA,400,500,Republican,32,Female
773,7,black,NA,600,500,Republican,32,Female
774,5,white,excellent,900,0,Republican,65,Male
774,5,white,poor,600,0,Republican,65,Male
775,8,white,excellent,750,0,Republican,67,Female
775,8,black,poor,750,0,Republican,67,Female
776,4,white,NA,700,0,Democrat,58,Male
776,4,white,NA,800,0,Democrat,58,Male
777,11,black,excellent,900,300,Republican,29,Female
777,11,black,poor,300,300,Republican,29,Female
778,7,white,NA,0,1500,NA,70,Female
778,7,black,NA,0,1500,NA,70,Female
779,4,white,NA,750,0,Republican,52,Female
779,4,white,NA,750,0,Republican,52,Female
780,2,NA,excellent,700,600,Republican,58,Female
780,2,NA,poor,200,600,Republican,58,Female
781,2,NA,excellent,700,300,Republican,63,Male
781,2,NA,poor,500,300,Republican,63,Male
782,7,white,NA,550,400,Republican,68,Male
782,7,black,NA,550,400,Republican,68,Male
783,3,NA,poor,200,400,Republican,29,Female
783,3,NA,excellent,900,400,Republican,29,Female
784,9,white,poor,500,500,Republican,72,Female
784,9,black,excellent,500,500,Republican,72,Female
785,10,black,NA,750,0,Republican,48,Female
785,10,black,NA,750,0,Republican,48,Female
786,1,NA,NA,250,1000,Republican,63,Female
786,1,NA,NA,250,1000,Republican,63,Female
787,1,NA,NA,500,500,Republican,41,Female
787,1,NA,NA,500,500,Republican,41,Female
788,10,black,NA,600,0,Republican,65,Male
788,10,black,NA,900,0,Republican,65,Male
789,4,white,NA,600,300,Republican,65,Female
789,4,white,NA,600,300,Republican,65,Female
790,7,white,NA,650,100,Republican,73,Female
790,7,black,NA,750,100,Republican,73,Female
791,6,white,poor,600,50,Democrat,39,Male
791,6,white,excellent,850,50,Democrat,39,Male
792,3,NA,poor,200,400,Democrat,47,Male
792,3,NA,excellent,900,400,Democrat,47,Male
793,3,NA,poor,750,0,Republican,56,Female
793,3,NA,excellent,750,0,Republican,56,Female
794,5,white,excellent,900,600,Republican,54,Female
794,5,white,poor,0,600,Republican,54,Female
795,9,white,poor,700,500,Republican,64,Male
795,9,black,excellent,300,500,Republican,64,Male
796,11,black,excellent,750,0,Republican,32,Female
796,11,black,poor,750,0,Republican,32,Female
797,4,white,NA,750,0,Democrat,33,Female
797,4,white,NA,750,0,Democrat,33,Female
798,10,black,NA,500,500,Republican,19,Female
798,10,black,NA,500,500,Republican,19,Female
799,1,NA,NA,400,700,NA,36,Female
799,1,NA,NA,400,700,NA,36,Female
800,9,white,poor,900,0,Independent,59,Female
800,9,black,excellent,600,0,Independent,59,Female
801,12,black,poor,900,200,Republican,35,Male
801,12,black,excellent,400,200,Republican,35,Male
802,11,black,excellent,700,300,Republican,44,Female
802,11,black,poor,500,300,Republican,44,Female
803,4,white,NA,450,600,Democrat,66,Male
803,4,white,NA,450,600,Democrat,66,Male
804,11,black,excellent,700,100,Democrat,69,Female
804,11,black,poor,700,100,Democrat,69,Female
805,1,NA,NA,800,0,NA,57,Female
805,1,NA,NA,700,0,NA,57,Female
806,10,black,NA,700,100,Democrat,60,Female
806,10,black,NA,700,100,Democrat,60,Female
807,3,NA,poor,350,250,Democrat,23,Female
807,3,NA,excellent,900,250,Democrat,23,Female
808,7,white,NA,500,500,Democrat,63,Male
808,7,black,NA,500,500,Democrat,63,Male
809,4,white,NA,750,0,NA,43,Female
809,4,white,NA,750,0,NA,43,Female
810,5,white,excellent,750,0,Democrat,55,Female
810,5,white,poor,750,0,Democrat,55,Female
811,1,NA,NA,750,0,Independent,67,Female
811,1,NA,NA,750,0,Independent,67,Female
812,1,NA,NA,750,0,Republican,20,Female
812,1,NA,NA,750,0,Republican,20,Female
813,8,white,excellent,450,750,Democrat,37,Female
813,8,black,poor,300,750,Democrat,37,Female
814,4,white,NA,700,300,Democrat,35,Female
814,4,white,NA,500,300,Democrat,35,Female
815,6,white,poor,200,400,Republican,36,Female
815,6,white,excellent,900,400,Republican,36,Female
816,11,black,excellent,600,100,Republican,29,Female
816,11,black,poor,800,100,Republican,29,Female
817,10,black,NA,700,100,Republican,31,Female
817,10,black,NA,700,100,Republican,31,Female
818,4,white,NA,0,1500,Democrat,58,Female
818,4,white,NA,0,1500,Democrat,58,Female
819,1,NA,NA,500,200,Democrat,19,Male
819,1,NA,NA,800,200,Democrat,19,Male
820,1,NA,NA,600,300,NA,82,Female
820,1,NA,NA,600,300,NA,82,Female
821,10,black,NA,750,0,Democrat,51,Male
821,10,black,NA,750,0,Democrat,51,Male
822,7,white,NA,750,0,NA,44,Male
822,7,black,NA,750,0,NA,44,Male
823,12,black,poor,900,100,Democrat,25,Female
823,12,black,excellent,500,100,Democrat,25,Female
824,2,NA,excellent,800,0,Democrat,70,Female
824,2,NA,poor,700,0,Democrat,70,Female
825,7,white,NA,750,0,Republican,30,Female
825,7,black,NA,750,0,Republican,30,Female
826,2,NA,excellent,750,0,Democrat,48,Male
826,2,NA,poor,750,0,Democrat,48,Male
827,12,black,poor,0,1050,Republican,26,Male
827,12,black,excellent,450,1050,Republican,26,Male
828,8,white,excellent,800,200,Republican,33,Female
828,8,black,poor,500,200,Republican,33,Female
829,4,white,NA,750,0,Democrat,42,Male
829,4,white,NA,750,0,Democrat,42,Male
830,1,NA,NA,750,0,Independent,58,Male
830,1,NA,NA,750,0,Independent,58,Male
831,11,black,excellent,650,200,Democrat,50,Female
831,11,black,poor,650,200,Democrat,50,Female
832,2,NA,excellent,500,500,Democrat,49,Female
832,2,NA,poor,500,500,Democrat,49,Female
833,1,NA,NA,700,100,NA,26,Female
833,1,NA,NA,700,100,NA,26,Female
834,4,white,NA,500,400,Democrat,52,Male
834,4,white,NA,600,400,Democrat,52,Male
835,8,white,excellent,750,0,Democrat,19,Female
835,8,black,poor,750,0,Democrat,19,Female
836,8,white,excellent,800,0,Republican,40,Male
836,8,black,poor,700,0,Republican,40,Male
837,6,white,poor,700,100,Independent,22,Female
837,6,white,excellent,700,100,Independent,22,Female
838,1,NA,NA,0,1500,Republican,27,Female
838,1,NA,NA,0,1500,Republican,27,Female
839,4,white,NA,500,500,Democrat,18,Female
839,4,white,NA,500,500,Democrat,18,Female
840,4,white,NA,700,100,Republican,50,Male
840,4,white,NA,700,100,Republican,50,Male
841,5,white,excellent,750,0,Democrat,54,Female
841,5,white,poor,750,0,Democrat,54,Female
842,9,white,poor,700,200,NA,18,Female
842,9,black,excellent,600,200,NA,18,Female
843,10,black,NA,0,1500,Democrat,61,Female
843,10,black,NA,0,1500,Democrat,61,Female
844,4,white,NA,500,500,Democrat,64,Male
844,4,white,NA,500,500,Democrat,64,Male
845,1,NA,NA,700,100,Democrat,48,Female
845,1,NA,NA,700,100,Democrat,48,Female
846,7,white,NA,700,0,Independent,33,Female
846,7,black,NA,800,0,Independent,33,Female
847,5,white,excellent,500,500,Democrat,21,Female
847,5,white,poor,500,500,Democrat,21,Female
848,10,black,NA,700,100,Republican,42,Female
848,10,black,NA,700,100,Republican,42,Female
849,9,white,poor,500,500,Independent,23,Female
849,9,black,excellent,500,500,Independent,23,Female
850,3,NA,poor,600,100,Independent,68,Female
850,3,NA,excellent,800,100,Independent,68,Female
851,3,NA,poor,400,800,Democrat,55,Female
851,3,NA,excellent,300,800,Democrat,55,Female
852,2,NA,excellent,900,300,Republican,51,Female
852,2,NA,poor,300,300,Republican,51,Female
853,10,black,NA,700,100,Democrat,40,Male
853,10,black,NA,700,100,Democrat,40,Male
854,10,black,NA,750,0,Democrat,34,Female
854,10,black,NA,750,0,Democrat,34,Female
855,1,NA,NA,750,0,Democrat,34,Female
855,1,NA,NA,750,0,Democrat,34,Female
856,4,white,NA,600,0,Democrat,61,Female
856,4,white,NA,900,0,Democrat,61,Female
857,7,white,NA,500,400,Democrat,51,Male
857,7,black,NA,600,400,Democrat,51,Male
858,11,black,excellent,700,200,Democrat,49,Female
858,11,black,poor,600,200,Democrat,49,Female
859,4,white,NA,500,500,Republican,26,Female
859,4,white,NA,500,500,Republican,26,Female
860,9,white,poor,0,600,Democrat,60,Male
860,9,black,excellent,900,600,Democrat,60,Male
861,4,white,NA,750,0,Democrat,35,Female
861,4,white,NA,750,0,Democrat,35,Female
862,7,white,NA,600,0,Democrat,41,Female
862,7,black,NA,900,0,Democrat,41,Female
863,6,white,poor,750,0,Democrat,48,Male
863,6,white,excellent,750,0,Democrat,48,Male
864,8,white,excellent,750,0,Democrat,29,Female
864,8,black,poor,750,0,Democrat,29,Female
865,7,white,NA,750,0,Republican,51,Male
865,7,black,NA,750,0,Republican,51,Male
866,10,black,NA,250,1000,Democrat,35,Female
866,10,black,NA,250,1000,Democrat,35,Female
867,10,black,NA,750,0,Democrat,32,Male
867,10,black,NA,750,0,Democrat,32,Male
868,2,NA,excellent,650,300,Democrat,68,Female
868,2,NA,poor,550,300,Democrat,68,Female
869,2,NA,excellent,900,0,Democrat,57,Female
869,2,NA,poor,600,0,Democrat,57,Female
870,4,white,NA,750,0,Democrat,32,Female
870,4,white,NA,750,0,Democrat,32,Female
871,10,black,NA,550,300,Democrat,35,Female
871,10,black,NA,650,300,Democrat,35,Female
872,11,black,excellent,900,500,Democrat,46,Female
872,11,black,poor,100,500,Democrat,46,Female
873,11,black,excellent,750,400,Democrat,41,Female
873,11,black,poor,350,400,Democrat,41,Female
874,10,black,NA,600,300,Democrat,27,Female
874,10,black,NA,600,300,Democrat,27,Female
875,7,white,NA,650,100,Democrat,28,Female
875,7,black,NA,750,100,Democrat,28,Female
876,3,NA,poor,700,100,Democrat,59,Female
876,3,NA,excellent,700,100,Democrat,59,Female
877,7,white,NA,750,0,Republican,50,Male
877,7,black,NA,750,0,Republican,50,Male
878,3,NA,poor,200,700,Republican,26,Female
878,3,NA,excellent,600,700,Republican,26,Female
879,10,black,NA,850,0,Democrat,43,Male
879,10,black,NA,650,0,Democrat,43,Male
880,6,white,poor,600,0,NA,53,Female
880,6,white,excellent,900,0,NA,53,Female
881,10,black,NA,300,900,Republican,29,Female
881,10,black,NA,300,900,Republican,29,Female
882,4,white,NA,750,0,Democrat,71,Male
882,4,white,NA,750,0,Democrat,71,Male
883,7,white,NA,500,500,Democrat,33,Male
883,7,black,NA,500,500,Democrat,33,Male
884,8,white,excellent,600,300,Democrat,65,Female
884,8,black,poor,600,300,Democrat,65,Female
885,2,NA,excellent,500,500,Independent,48,Male
885,2,NA,poor,500,500,Independent,48,Male
886,9,white,poor,750,0,Republican,55,Female
886,9,black,excellent,750,0,Republican,55,Female
887,2,NA,excellent,400,1100,Democrat,51,Female
887,2,NA,poor,0,1100,Democrat,51,Female
888,6,white,poor,500,100,Democrat,56,Female
888,6,white,excellent,900,100,Democrat,56,Female
889,7,white,NA,600,300,Democrat,57,Female
889,7,black,NA,600,300,Democrat,57,Female
890,3,NA,poor,0,1500,Democrat,56,Female
890,3,NA,excellent,0,1500,Democrat,56,Female
891,1,NA,NA,700,100,Democrat,22,Female
891,1,NA,NA,700,100,Democrat,22,Female
892,8,white,excellent,900,100,Republican,41,Male
892,8,black,poor,500,100,Republican,41,Male
893,7,white,NA,700,100,Democrat,70,Female
893,7,black,NA,700,100,Democrat,70,Female
894,7,white,NA,600,0,Republican,27,Male
894,7,black,NA,900,0,Republican,27,Male
895,11,black,excellent,800,0,Democrat,45,Male
895,11,black,poor,700,0,Democrat,45,Male
896,9,white,poor,750,0,Democrat,63,Female
896,9,black,excellent,750,0,Democrat,63,Female
897,5,white,excellent,500,700,Independent,38,Female
897,5,white,poor,300,700,Independent,38,Female
898,6,white,poor,100,500,Republican,36,Male
898,6,white,excellent,900,500,Republican,36,Male
899,10,black,NA,750,0,Democrat,25,Female
899,10,black,NA,750,0,Democrat,25,Female
900,7,white,NA,700,0,Democrat,69,Male
900,7,black,NA,800,0,Democrat,69,Male
901,10,black,NA,650,200,Democrat,50,Male
901,10,black,NA,650,200,Democrat,50,Male
902,9,white,poor,900,0,NA,28,Female
902,9,black,excellent,600,0,NA,28,Female
903,5,white,excellent,600,0,Republican,22,Female
903,5,white,poor,900,0,Republican,22,Female
904,1,NA,NA,300,300,Democrat,31,Female
904,1,NA,NA,900,300,Democrat,31,Female
905,9,white,poor,500,700,Independent,24,Female
905,9,black,excellent,300,700,Independent,24,Female
906,6,white,poor,900,0,Democrat,48,Male
906,6,white,excellent,600,0,Democrat,48,Male
907,9,white,poor,750,0,Independent,66,Female
907,9,black,excellent,750,0,Independent,66,Female
908,9,white,poor,800,100,Democrat,55,Female
908,9,black,excellent,600,100,Democrat,55,Female
909,3,NA,poor,700,0,Democrat,45,Male
909,3,NA,excellent,800,0,Democrat,45,Male
910,4,white,NA,300,900,Democrat,72,Female
910,4,white,NA,300,900,Democrat,72,Female
911,2,NA,excellent,750,0,Democrat,25,Female
911,2,NA,poor,750,0,Democrat,25,Female
912,2,NA,excellent,725,50,Democrat,31,Female
912,2,NA,poor,725,50,Democrat,31,Female
913,3,NA,poor,900,0,Democrat,24,Female
913,3,NA,excellent,600,0,Democrat,24,Female
914,11,black,excellent,900,100,Independent,64,Male
914,11,black,poor,500,100,Independent,64,Male
915,10,black,NA,300,600,Democrat,25,Female
915,10,black,NA,600,600,Democrat,25,Female
916,9,white,poor,750,0,Democrat,53,Female
916,9,black,excellent,750,0,Democrat,53,Female
917,9,white,poor,700,100,Democrat,46,Male
917,9,black,excellent,700,100,Democrat,46,Male
918,1,NA,NA,500,500,Democrat,43,Female
918,1,NA,NA,500,500,Democrat,43,Female
919,5,white,excellent,500,500,Independent,64,Female
919,5,white,poor,500,500,Independent,64,Female
920,10,black,NA,600,300,Democrat,32,Female
920,10,black,NA,600,300,Democrat,32,Female
921,4,white,NA,100,1300,Independent,50,Male
921,4,white,NA,100,1300,Independent,50,Male
922,2,NA,excellent,900,300,NA,29,Male
922,2,NA,poor,300,300,NA,29,Male
923,2,NA,excellent,750,0,Democrat,49,Male
923,2,NA,poor,750,0,Democrat,49,Male
924,4,white,NA,300,1000,Independent,33,Female
924,4,white,NA,200,1000,Independent,33,Female
925,7,white,NA,750,0,Republican,49,Male
925,7,black,NA,750,0,Republican,49,Male
926,1,NA,NA,800,100,Democrat,43,Male
926,1,NA,NA,600,100,Democrat,43,Male
927,7,white,NA,750,0,Democrat,44,Female
927,7,black,NA,750,0,Democrat,44,Female
928,7,white,NA,500,500,Democrat,25,Female
928,7,black,NA,500,500,Democrat,25,Female
929,10,black,NA,400,700,Democrat,32,Male
929,10,black,NA,400,700,Democrat,32,Male
930,9,white,poor,600,300,Republican,40,Female
930,9,black,excellent,600,300,Republican,40,Female
931,12,black,poor,400,200,Independent,33,Female
931,12,black,excellent,900,200,Independent,33,Female
932,5,white,excellent,400,700,Republican,19,Female
932,5,white,poor,400,700,Republican,19,Female
933,9,white,poor,600,100,Democrat,59,Female
933,9,black,excellent,800,100,Democrat,59,Female
934,12,black,poor,750,50,Democrat,28,Female
934,12,black,excellent,700,50,Democrat,28,Female
935,7,white,NA,500,200,Democrat,32,Female
935,7,black,NA,800,200,Democrat,32,Female
936,10,black,NA,750,0,Democrat,52,Female
936,10,black,NA,750,0,Democrat,52,Female
937,10,black,NA,700,100,Democrat,58,Female
937,10,black,NA,700,100,Democrat,58,Female
938,10,black,NA,750,0,Democrat,29,Male
938,10,black,NA,750,0,Democrat,29,Male
939,1,NA,NA,750,0,Democrat,28,Female
939,1,NA,NA,750,0,Democrat,28,Female
940,9,white,poor,400,900,NA,25,Female
940,9,black,excellent,200,900,NA,25,Female
941,4,white,NA,700,100,Republican,61,Female
941,4,white,NA,700,100,Republican,61,Female
942,10,black,NA,500,500,Republican,22,Male
942,10,black,NA,500,500,Republican,22,Male
943,7,white,NA,750,0,Independent,20,Female
943,7,black,NA,750,0,Independent,20,Female
944,10,black,NA,500,300,Democrat,22,Female
944,10,black,NA,700,300,Democrat,22,Female
945,2,NA,excellent,900,600,Democrat,42,Female
945,2,NA,poor,0,600,Democrat,42,Female
946,9,white,poor,750,0,Democrat,45,Female
946,9,black,excellent,750,0,Democrat,45,Female
947,2,NA,excellent,500,500,Independent,36,Female
947,2,NA,poor,500,500,Independent,36,Female
948,1,NA,NA,0,1500,Democrat,56,Female
948,1,NA,NA,0,1500,Democrat,56,Female
949,3,NA,poor,500,100,Republican,24,Female
949,3,NA,excellent,900,100,Republican,24,Female
950,12,black,poor,750,0,Independent,45,Female
950,12,black,excellent,750,0,Independent,45,Female
951,5,white,excellent,900,0,Democrat,28,Male
951,5,white,poor,600,0,Democrat,28,Male
952,10,black,NA,700,100,Republican,21,Female
952,10,black,NA,700,100,Republican,21,Female
953,7,white,NA,200,500,Democrat,29,Male
953,7,black,NA,800,500,Democrat,29,Male
954,7,white,NA,500,500,NA,41,Male
954,7,black,NA,500,500,NA,41,Male
955,2,NA,excellent,750,200,Democrat,44,Female
955,2,NA,poor,550,200,Democrat,44,Female
956,1,NA,NA,450,600,Democrat,24,Female
956,1,NA,NA,450,600,Democrat,24,Female
957,10,black,NA,500,500,Democrat,23,Female
957,10,black,NA,500,500,Democrat,23,Female
958,10,black,NA,500,700,Republican,25,Female
958,10,black,NA,300,700,Republican,25,Female
959,4,white,NA,750,0,Republican,39,Male
959,4,white,NA,750,0,Republican,39,Male
960,7,white,NA,900,0,Democrat,40,Female
960,7,black,NA,600,0,Democrat,40,Female
961,2,NA,excellent,0,1500,Independent,57,Male
961,2,NA,poor,0,1500,Independent,57,Male
962,3,NA,poor,500,500,NA,24,Female
962,3,NA,excellent,500,500,NA,24,Female
963,8,white,excellent,750,750,Democrat,48,Female
963,8,black,poor,0,750,Democrat,48,Female
964,7,white,NA,500,500,Democrat,50,Female
964,7,black,NA,500,500,Democrat,50,Female
965,7,white,NA,750,0,Republican,18,Female
965,7,black,NA,750,0,Republican,18,Female
966,6,white,poor,600,0,NA,29,Male
966,6,white,excellent,900,0,NA,29,Male
967,6,white,poor,0,600,Republican,38,Female
967,6,white,excellent,900,600,Republican,38,Female
968,7,white,NA,750,0,Republican,46,Female
968,7,black,NA,750,0,Republican,46,Female
969,4,white,NA,750,0,NA,50,Female
969,4,white,NA,750,0,NA,50,Female
970,7,white,NA,700,100,Independent,75,Male
970,7,black,NA,700,100,Independent,75,Male
971,6,white,poor,650,200,Republican,25,Female
971,6,white,excellent,650,200,Republican,25,Female
972,10,black,NA,750,0,Democrat,24,Female
972,10,black,NA,750,0,Democrat,24,Female
973,1,NA,NA,720,60,Republican,27,Female
973,1,NA,NA,720,60,Republican,27,Female
974,7,white,NA,600,0,Democrat,18,Male
974,7,black,NA,900,0,Democrat,18,Male
975,3,NA,poor,600,100,Democrat,40,Female
975,3,NA,excellent,800,100,Democrat,40,Female
976,8,white,excellent,700,100,Independent,41,Female
976,8,black,poor,700,100,Independent,41,Female
977,12,black,poor,700,100,Democrat,20,Female
977,12,black,excellent,700,100,Democrat,20,Female
978,10,black,NA,650,200,Republican,52,Female
978,10,black,NA,650,200,Republican,52,Female
979,10,black,NA,750,0,Democrat,64,Male
979,10,black,NA,750,0,Democrat,64,Male
980,4,white,NA,450,600,Democrat,21,Female
980,4,white,NA,450,600,Democrat,21,Female
981,4,white,NA,600,0,Republican,21,Female
981,4,white,NA,900,0,Republican,21,Female
982,9,white,poor,900,0,Democrat,55,Female
982,9,black,excellent,600,0,Democrat,55,Female
983,2,NA,excellent,900,0,Republican,40,Female
983,2,NA,poor,600,0,Republican,40,Female
984,3,NA,poor,700,100,Republican,35,Female
984,3,NA,excellent,700,100,Republican,35,Female
985,1,NA,NA,650,0,Independent,21,Female
985,1,NA,NA,850,0,Independent,21,Female
986,7,white,NA,500,500,Republican,45,Female
986,7,black,NA,500,500,Republican,45,Female
987,5,white,excellent,900,0,Republican,48,Female
987,5,white,poor,600,0,Republican,48,Female
988,6,white,poor,300,500,Democrat,27,Female
988,6,white,excellent,700,500,Democrat,27,Female
989,1,NA,NA,700,100,Democrat,43,Female
989,1,NA,NA,700,100,Democrat,43,Female
990,10,black,NA,0,1500,Democrat,48,Female
990,10,black,NA,0,1500,Democrat,48,Female
991,3,NA,poor,600,0,Republican,19,Female
991,3,NA,excellent,900,0,Republican,19,Female
992,10,black,NA,600,300,Democrat,26,Female
992,10,black,NA,600,300,Democrat,26,Female
993,4,white,NA,750,0,Democrat,61,Female
993,4,white,NA,750,0,Democrat,61,Female
994,10,black,NA,500,500,Democrat,41,Female
994,10,black,NA,500,500,Democrat,41,Female
995,2,NA,excellent,800,25,Democrat,19,Female
995,2,NA,poor,675,25,Democrat,19,Female
996,3,NA,poor,750,0,Independent,38,Male
996,3,NA,excellent,750,0,Independent,38,Male
997,2,NA,excellent,650,500,Democrat,70,Female
997,2,NA,poor,350,500,Democrat,70,Female
998,5,white,excellent,450,400,Independent,39,Male
998,5,white,poor,650,400,Independent,39,Male
999,11,black,excellent,500,500,Independent,28,Female
999,11,black,poor,500,500,Independent,28,Female
1000,4,white,NA,750,0,Independent,49,Female
1000,4,white,NA,750,0,Independent,49,Female
